Sample in Buffer,Sample in Window,TRIGGER,npu_irq,npu_irq_latched,npu_array_clk_en,cpu_halted,debug_resetn,ram_write_beats[31:0],ram_read_beats[31:0],cycle_counter[31:0],dma_active_cycles[31:0],dma_data_cycles[31:0],dma_read_beats[31:0],dma_write_beats[31:0]
Radix - UNSIGNED,UNSIGNED,UNSIGNED,HEX,HEX,HEX,HEX,HEX,HEX,HEX,HEX,HEX,HEX,HEX,HEX
0,0,0,0,0,0,0,0,00000000,00000000,00000000,00000000,00000000,00000000,00000000
1,1,0,0,0,0,0,0,00000000,00000000,00000000,00000000,00000000,00000000,00000000
2,2,0,0,0,0,0,0,00000000,00000000,00000000,00000000,00000000,00000000,00000000
3,3,0,0,0,0,0,0,00000000,00000000,00000000,00000000,00000000,00000000,00000000
4,4,0,0,0,0,0,0,00000000,00000000,00000000,00000000,00000000,00000000,00000000
5,5,0,0,0,0,0,0,00000000,00000000,00000000,00000000,00000000,00000000,00000000
6,6,0,0,0,0,0,0,00000000,00000000,00000000,00000000,00000000,00000000,00000000
7,7,0,0,0,0,0,0,00000000,00000000,00000000,00000000,00000000,00000000,00000000
8,8,0,0,0,0,0,0,00000000,00000000,00000000,00000000,00000000,00000000,00000000
9,9,0,0,0,0,0,0,00000000,00000000,00000000,00000000,00000000,00000000,00000000
10,10,0,0,0,0,0,0,00000000,00000000,00000000,00000000,00000000,00000000,00000000
11,11,0,0,0,0,0,0,00000000,00000000,00000000,00000000,00000000,00000000,00000000
12,12,0,0,0,0,0,0,00000000,00000000,00000000,00000000,00000000,00000000,00000000
13,13,0,0,0,0,0,0,00000000,00000000,00000000,00000000,00000000,00000000,00000000
14,14,0,0,0,0,0,0,00000000,00000000,00000000,00000000,00000000,00000000,00000000
15,15,0,0,0,0,0,0,00000000,00000000,00000000,00000000,00000000,00000000,00000000
16,16,1,0,0,0,0,1,00000000,00000000,00000000,00000000,00000000,00000000,00000000
17,17,0,0,0,0,0,1,00000000,00000000,00000001,00000000,00000000,00000000,00000000
18,18,0,0,0,0,0,1,00000000,00000000,00000002,00000000,00000000,00000000,00000000
19,19,0,0,0,0,0,1,00000000,00000000,00000003,00000000,00000000,00000000,00000000
20,20,0,0,0,0,0,1,00000000,00000000,00000004,00000000,00000000,00000000,00000000
21,21,0,0,0,0,0,1,00000000,00000000,00000005,00000000,00000000,00000000,00000000
22,22,0,0,0,0,0,1,00000000,00000001,00000006,00000000,00000000,00000000,00000000
23,23,0,0,0,0,0,1,00000000,00000001,00000007,00000000,00000000,00000000,00000000
24,24,0,0,0,0,0,1,00000000,00000001,00000008,00000000,00000000,00000000,00000000
25,25,0,0,0,0,0,1,00000000,00000002,00000009,00000000,00000000,00000000,00000000
26,26,0,0,0,0,0,1,00000000,00000002,0000000a,00000000,00000000,00000000,00000000
27,27,0,0,0,0,0,1,00000000,00000002,0000000b,00000000,00000000,00000000,00000000
28,28,0,0,0,0,0,1,00000000,00000002,0000000c,00000000,00000000,00000000,00000000
29,29,0,0,0,0,0,1,00000000,00000003,0000000d,00000000,00000000,00000000,00000000
30,30,0,0,0,0,0,1,00000000,00000003,0000000e,00000000,00000000,00000000,00000000
31,31,0,0,0,0,0,1,00000000,00000003,0000000f,00000000,00000000,00000000,00000000
32,32,0,0,0,0,0,1,00000000,00000003,00000010,00000000,00000000,00000000,00000000
33,33,0,0,0,0,0,1,00000000,00000004,00000011,00000000,00000000,00000000,00000000
34,34,0,0,0,0,0,1,00000000,00000004,00000012,00000000,00000000,00000000,00000000
35,35,0,0,0,0,0,1,00000000,00000004,00000013,00000000,00000000,00000000,00000000
36,36,0,0,0,0,0,1,00000000,00000005,00000014,00000000,00000000,00000000,00000000
37,37,0,0,0,0,0,1,00000000,00000005,00000015,00000000,00000000,00000000,00000000
38,38,0,0,0,0,0,1,00000000,00000005,00000016,00000000,00000000,00000000,00000000
39,39,0,0,0,0,0,1,00000000,00000005,00000017,00000000,00000000,00000000,00000000
40,40,0,0,0,0,0,1,00000000,00000006,00000018,00000000,00000000,00000000,00000000
41,41,0,0,0,0,0,1,00000000,00000006,00000019,00000000,00000000,00000000,00000000
42,42,0,0,0,0,0,1,00000000,00000006,0000001a,00000000,00000000,00000000,00000000
43,43,0,0,0,0,0,1,00000000,00000007,0000001b,00000000,00000000,00000000,00000000
44,44,0,0,0,0,0,1,00000000,00000007,0000001c,00000000,00000000,00000000,00000000
45,45,0,0,0,0,0,1,00000000,00000007,0000001d,00000000,00000000,00000000,00000000
46,46,0,0,0,0,0,1,00000000,00000007,0000001e,00000000,00000000,00000000,00000000
47,47,0,0,0,0,0,1,00000000,00000007,0000001f,00000000,00000000,00000000,00000000
48,48,0,0,0,0,0,1,00000000,00000007,00000020,00000000,00000000,00000000,00000000
49,49,0,0,0,0,0,1,00000000,00000007,00000021,00000000,00000000,00000000,00000000
50,50,0,0,0,0,0,1,00000000,00000008,00000022,00000000,00000000,00000000,00000000
51,51,0,0,0,0,0,1,00000000,00000008,00000023,00000000,00000000,00000000,00000000
52,52,0,0,0,0,0,1,00000000,00000008,00000024,00000000,00000000,00000000,00000000
53,53,0,0,0,0,0,1,00000000,00000009,00000025,00000000,00000000,00000000,00000000
54,54,0,0,0,0,0,1,00000000,00000009,00000026,00000000,00000000,00000000,00000000
55,55,0,0,0,0,0,1,00000000,00000009,00000027,00000000,00000000,00000000,00000000
56,56,0,0,0,0,0,1,00000000,00000009,00000028,00000000,00000000,00000000,00000000
57,57,0,0,0,0,0,1,00000000,00000009,00000029,00000000,00000000,00000000,00000000
58,58,0,0,0,0,0,1,00000000,00000009,0000002a,00000000,00000000,00000000,00000000
59,59,0,0,0,0,0,1,00000000,00000009,0000002b,00000000,00000000,00000000,00000000
60,60,0,0,0,0,0,1,00000000,0000000a,0000002c,00000000,00000000,00000000,00000000
61,61,0,0,0,0,0,1,00000000,0000000a,0000002d,00000000,00000000,00000000,00000000
62,62,0,0,0,0,0,1,00000000,0000000a,0000002e,00000000,00000000,00000000,00000000
63,63,0,0,0,0,0,1,00000000,0000000b,0000002f,00000000,00000000,00000000,00000000
64,64,0,0,0,0,0,1,00000000,0000000b,00000030,00000000,00000000,00000000,00000000
65,65,0,0,0,0,0,1,00000000,0000000b,00000031,00000000,00000000,00000000,00000000
66,66,0,0,0,0,0,1,00000000,0000000b,00000032,00000000,00000000,00000000,00000000
67,67,0,0,0,0,0,1,00000000,0000000b,00000033,00000000,00000000,00000000,00000000
68,68,0,0,0,0,0,1,00000000,0000000b,00000034,00000000,00000000,00000000,00000000
69,69,0,0,0,0,0,1,00000000,0000000b,00000035,00000000,00000000,00000000,00000000
70,70,0,0,0,0,0,1,00000000,0000000c,00000036,00000000,00000000,00000000,00000000
71,71,0,0,0,0,0,1,00000000,0000000c,00000037,00000000,00000000,00000000,00000000
72,72,0,0,0,0,0,1,00000000,0000000c,00000038,00000000,00000000,00000000,00000000
73,73,0,0,0,0,0,1,00000000,0000000d,00000039,00000000,00000000,00000000,00000000
74,74,0,0,0,0,0,1,00000000,0000000d,0000003a,00000000,00000000,00000000,00000000
75,75,0,0,0,0,0,1,00000000,0000000d,0000003b,00000000,00000000,00000000,00000000
76,76,0,0,0,0,0,1,00000000,0000000d,0000003c,00000000,00000000,00000000,00000000
77,77,0,0,0,0,0,1,00000000,0000000d,0000003d,00000000,00000000,00000000,00000000
78,78,0,0,0,0,0,1,00000000,0000000d,0000003e,00000000,00000000,00000000,00000000
79,79,0,0,0,0,0,1,00000000,0000000d,0000003f,00000000,00000000,00000000,00000000
80,80,0,0,0,0,0,1,00000000,0000000e,00000040,00000000,00000000,00000000,00000000
81,81,0,0,0,0,0,1,00000000,0000000e,00000041,00000000,00000000,00000000,00000000
82,82,0,0,0,0,0,1,00000000,0000000e,00000042,00000000,00000000,00000000,00000000
83,83,0,0,0,0,0,1,00000000,0000000e,00000043,00000000,00000000,00000000,00000000
84,84,0,0,0,0,0,1,00000000,0000000e,00000044,00000000,00000000,00000000,00000000
85,85,0,0,0,0,0,1,00000000,0000000e,00000045,00000000,00000000,00000000,00000000
86,86,0,0,0,0,0,1,00000000,0000000e,00000046,00000000,00000000,00000000,00000000
87,87,0,0,0,0,0,1,00000000,0000000f,00000047,00000000,00000000,00000000,00000000
88,88,0,0,0,0,0,1,00000000,0000000f,00000048,00000000,00000000,00000000,00000000
89,89,0,0,0,0,0,1,00000000,0000000f,00000049,00000000,00000000,00000000,00000000
90,90,0,0,0,0,0,1,00000000,0000000f,0000004a,00000000,00000000,00000000,00000000
91,91,0,0,0,0,0,1,00000000,0000000f,0000004b,00000000,00000000,00000000,00000000
92,92,0,0,0,0,0,1,00000000,0000000f,0000004c,00000000,00000000,00000000,00000000
93,93,0,0,0,0,0,1,00000000,0000000f,0000004d,00000000,00000000,00000000,00000000
94,94,0,0,0,0,0,1,00000000,00000010,0000004e,00000000,00000000,00000000,00000000
95,95,0,0,0,0,0,1,00000000,00000010,0000004f,00000000,00000000,00000000,00000000
96,96,0,0,0,0,0,1,00000000,00000010,00000050,00000000,00000000,00000000,00000000
97,97,0,0,0,0,0,1,00000000,00000010,00000051,00000000,00000000,00000000,00000000
98,98,0,0,0,0,0,1,00000000,00000010,00000052,00000001,00000000,00000000,00000000
99,99,0,0,0,0,0,1,00000000,00000011,00000053,00000002,00000001,00000001,00000000
100,100,0,0,0,0,0,1,00000000,00000012,00000054,00000003,00000002,00000002,00000000
101,101,0,0,0,0,0,1,00000000,00000013,00000055,00000004,00000003,00000003,00000000
102,102,0,0,0,0,0,1,00000000,00000014,00000056,00000005,00000004,00000004,00000000
103,103,0,0,0,0,0,1,00000000,00000014,00000057,00000006,00000004,00000004,00000000
104,104,0,0,0,0,0,1,00000000,00000015,00000058,00000007,00000005,00000005,00000000
105,105,0,0,0,0,0,1,00000000,00000016,00000059,00000008,00000006,00000006,00000000
106,106,0,0,0,0,0,1,00000000,00000017,0000005a,00000009,00000007,00000007,00000000
107,107,0,0,0,0,0,1,00000000,00000018,0000005b,0000000a,00000008,00000008,00000000
108,108,0,0,0,0,0,1,00000000,00000018,0000005c,0000000a,00000008,00000008,00000000
109,109,0,0,0,1,0,1,00000000,00000018,0000005d,0000000a,00000008,00000008,00000000
110,110,0,0,0,1,0,1,00000000,00000019,0000005e,0000000a,00000008,00000008,00000000
111,111,0,0,0,1,0,1,00000000,00000019,0000005f,0000000a,00000008,00000008,00000000
112,112,0,0,0,1,0,1,00000000,00000019,00000060,0000000a,00000008,00000008,00000000
113,113,0,0,0,1,0,1,00000000,00000019,00000061,0000000a,00000008,00000008,00000000
114,114,0,0,0,1,0,1,00000000,0000001a,00000062,0000000a,00000008,00000008,00000000
115,115,0,0,0,1,0,1,00000000,0000001a,00000063,0000000a,00000008,00000008,00000000
116,116,0,0,0,1,0,1,00000000,0000001a,00000064,0000000a,00000008,00000008,00000000
117,117,0,0,0,1,0,1,00000000,0000001a,00000065,0000000a,00000008,00000008,00000000
118,118,0,0,0,1,0,1,00000000,0000001b,00000066,0000000a,00000008,00000008,00000000
119,119,0,0,0,1,0,1,00000000,0000001b,00000067,0000000a,00000008,00000008,00000000
120,120,0,0,0,0,0,1,00000000,0000001b,00000068,0000000a,00000008,00000008,00000000
121,121,0,0,0,0,0,1,00000000,0000001c,00000069,0000000a,00000008,00000008,00000000
122,122,0,0,0,0,0,1,00000000,0000001c,0000006a,0000000a,00000008,00000008,00000000
123,123,0,0,0,0,0,1,00000000,0000001c,0000006b,0000000b,00000008,00000008,00000000
124,124,0,0,0,0,0,1,00000001,0000001c,0000006c,0000000c,00000009,00000008,00000001
125,125,0,0,0,0,0,1,00000002,0000001c,0000006d,0000000d,0000000a,00000008,00000002
126,126,0,0,0,0,0,1,00000003,0000001c,0000006e,0000000e,0000000b,00000008,00000003
127,127,0,0,0,0,0,1,00000004,0000001c,0000006f,0000000f,0000000c,00000008,00000004
128,128,0,0,0,0,0,1,00000005,0000001c,00000070,00000010,0000000d,00000008,00000005
129,129,0,0,0,0,0,1,00000006,0000001c,00000071,00000011,0000000e,00000008,00000006
130,130,0,0,0,0,0,1,00000007,0000001c,00000072,00000012,0000000f,00000008,00000007
131,131,0,0,0,0,0,1,00000008,0000001c,00000073,00000013,00000010,00000008,00000008
132,132,0,0,0,0,0,1,00000009,0000001c,00000074,00000014,00000011,00000008,00000009
133,133,0,0,0,0,0,1,0000000a,0000001c,00000075,00000015,00000012,00000008,0000000a
134,134,0,0,0,0,0,1,0000000b,0000001c,00000076,00000016,00000013,00000008,0000000b
135,135,0,0,0,0,0,1,0000000c,0000001c,00000077,00000017,00000014,00000008,0000000c
136,136,0,0,0,0,0,1,0000000d,0000001c,00000078,00000018,00000015,00000008,0000000d
137,137,0,0,0,0,0,1,0000000e,0000001c,00000079,00000019,00000016,00000008,0000000e
138,138,0,0,0,0,0,1,0000000f,0000001c,0000007a,0000001a,00000017,00000008,0000000f
139,139,0,0,0,0,0,1,00000010,0000001c,0000007b,0000001b,00000018,00000008,00000010
140,140,0,0,0,0,0,1,00000010,0000001c,0000007c,0000001c,00000018,00000008,00000010
141,141,0,1,0,0,0,1,00000010,0000001c,0000007d,0000001c,00000018,00000008,00000010
142,142,0,1,1,0,0,1,00000010,0000001c,0000007e,0000001c,00000018,00000008,00000010
143,143,0,1,1,0,0,1,00000010,0000001d,0000007f,0000001c,00000018,00000008,00000010
144,144,0,1,1,0,0,1,00000010,0000001d,00000080,0000001c,00000018,00000008,00000010
145,145,0,1,1,0,0,1,00000010,0000001d,00000081,0000001c,00000018,00000008,00000010
146,146,0,1,1,0,0,1,00000010,0000001d,00000082,0000001c,00000018,00000008,00000010
147,147,0,1,1,0,0,1,00000010,0000001e,00000083,0000001c,00000018,00000008,00000010
148,148,0,1,1,0,0,1,00000010,0000001e,00000084,0000001c,00000018,00000008,00000010
149,149,0,1,1,0,0,1,00000010,0000001e,00000085,0000001c,00000018,00000008,00000010
150,150,0,1,1,0,0,1,00000010,0000001e,00000086,0000001c,00000018,00000008,00000010
151,151,0,1,1,0,0,1,00000010,0000001f,00000087,0000001c,00000018,00000008,00000010
152,152,0,1,1,0,0,1,00000010,0000001f,00000088,0000001c,00000018,00000008,00000010
153,153,0,1,1,0,0,1,00000010,0000001f,00000089,0000001c,00000018,00000008,00000010
154,154,0,1,1,0,0,1,00000010,00000020,0000008a,0000001c,00000018,00000008,00000010
155,155,0,1,1,0,0,1,00000010,00000020,0000008b,0000001c,00000018,00000008,00000010
156,156,0,1,1,0,0,1,00000010,00000020,0000008c,0000001c,00000018,00000008,00000010
157,157,0,1,1,0,0,1,00000010,00000020,0000008d,0000001c,00000018,00000008,00000010
158,158,0,1,1,0,0,1,00000010,00000020,0000008e,0000001c,00000018,00000008,00000010
159,159,0,1,1,0,0,1,00000010,00000020,0000008f,0000001c,00000018,00000008,00000010
160,160,0,1,1,0,0,1,00000010,00000021,00000090,0000001c,00000018,00000008,00000010
161,161,0,1,1,0,0,1,00000010,00000021,00000091,0000001c,00000018,00000008,00000010
162,162,0,1,1,0,0,1,00000010,00000021,00000092,0000001c,00000018,00000008,00000010
163,163,0,1,1,0,0,1,00000010,00000021,00000093,0000001c,00000018,00000008,00000010
164,164,0,1,1,0,0,1,00000010,00000022,00000094,0000001c,00000018,00000008,00000010
165,165,0,1,1,0,0,1,00000010,00000022,00000095,0000001c,00000018,00000008,00000010
166,166,0,1,1,0,0,1,00000010,00000022,00000096,0000001c,00000018,00000008,00000010
167,167,0,1,1,0,0,1,00000010,00000022,00000097,0000001c,00000018,00000008,00000010
168,168,0,1,1,0,0,1,00000010,00000023,00000098,0000001c,00000018,00000008,00000010
169,169,0,1,1,0,0,1,00000010,00000023,00000099,0000001c,00000018,00000008,00000010
170,170,0,1,1,0,0,1,00000010,00000023,0000009a,0000001c,00000018,00000008,00000010
171,171,0,1,1,0,0,1,00000010,00000024,0000009b,0000001c,00000018,00000008,00000010
172,172,0,1,1,0,0,1,00000010,00000024,0000009c,0000001c,00000018,00000008,00000010
173,173,0,1,1,0,0,1,00000010,00000024,0000009d,0000001c,00000018,00000008,00000010
174,174,0,1,1,0,0,1,00000010,00000024,0000009e,0000001c,00000018,00000008,00000010
175,175,0,1,1,0,0,1,00000010,00000024,0000009f,0000001c,00000018,00000008,00000010
176,176,0,1,1,0,0,1,00000010,00000024,000000a0,0000001c,00000018,00000008,00000010
177,177,0,1,1,0,0,1,00000010,00000025,000000a1,0000001c,00000018,00000008,00000010
178,178,0,1,1,0,0,1,00000010,00000025,000000a2,0000001c,00000018,00000008,00000010
179,179,0,1,1,0,0,1,00000010,00000025,000000a3,0000001c,00000018,00000008,00000010
180,180,0,1,1,0,0,1,00000010,00000025,000000a4,0000001c,00000018,00000008,00000010
181,181,0,1,1,0,0,1,00000011,00000025,000000a5,0000001c,00000018,00000008,00000010
182,182,0,1,1,0,0,1,00000011,00000025,000000a6,0000001c,00000018,00000008,00000010
183,183,0,1,1,0,0,1,00000011,00000025,000000a7,0000001c,00000018,00000008,00000010
184,184,0,1,1,0,0,1,00000011,00000025,000000a8,0000001c,00000018,00000008,00000010
185,185,0,1,1,0,0,1,00000011,00000025,000000a9,0000001c,00000018,00000008,00000010
186,186,0,1,1,0,0,1,00000011,00000025,000000aa,0000001c,00000018,00000008,00000010
187,187,0,1,1,0,0,1,00000011,00000025,000000ab,0000001c,00000018,00000008,00000010
188,188,0,1,1,0,0,1,00000011,00000026,000000ac,0000001c,00000018,00000008,00000010
189,189,0,1,1,0,0,1,00000011,00000026,000000ad,0000001c,00000018,00000008,00000010
190,190,0,1,1,0,0,1,00000011,00000026,000000ae,0000001c,00000018,00000008,00000010
191,191,0,1,1,0,0,1,00000011,00000026,000000af,0000001c,00000018,00000008,00000010
192,192,0,1,1,0,0,1,00000012,00000026,000000b0,0000001c,00000018,00000008,00000010
193,193,0,1,1,0,0,1,00000012,00000026,000000b1,0000001c,00000018,00000008,00000010
194,194,0,1,1,0,0,1,00000012,00000026,000000b2,0000001c,00000018,00000008,00000010
195,195,0,1,1,0,0,1,00000012,00000026,000000b3,0000001c,00000018,00000008,00000010
196,196,0,1,1,0,0,1,00000012,00000026,000000b4,0000001c,00000018,00000008,00000010
197,197,0,1,1,0,0,1,00000012,00000026,000000b5,0000001c,00000018,00000008,00000010
198,198,0,1,1,0,0,1,00000012,00000026,000000b6,0000001c,00000018,00000008,00000010
199,199,0,1,1,0,0,1,00000012,00000027,000000b7,0000001c,00000018,00000008,00000010
200,200,0,1,1,0,0,1,00000012,00000027,000000b8,0000001c,00000018,00000008,00000010
201,201,0,1,1,0,0,1,00000012,00000027,000000b9,0000001c,00000018,00000008,00000010
202,202,0,1,1,0,0,1,00000012,00000027,000000ba,0000001c,00000018,00000008,00000010
203,203,0,1,1,0,0,1,00000013,00000027,000000bb,0000001c,00000018,00000008,00000010
204,204,0,1,1,0,0,1,00000013,00000027,000000bc,0000001c,00000018,00000008,00000010
205,205,0,1,1,0,0,1,00000013,00000027,000000bd,0000001c,00000018,00000008,00000010
206,206,0,1,1,0,0,1,00000013,00000027,000000be,0000001c,00000018,00000008,00000010
207,207,0,1,1,0,0,1,00000013,00000027,000000bf,0000001c,00000018,00000008,00000010
208,208,0,1,1,0,0,1,00000013,00000027,000000c0,0000001c,00000018,00000008,00000010
209,209,0,1,1,0,0,1,00000013,00000027,000000c1,0000001c,00000018,00000008,00000010
210,210,0,1,1,0,0,1,00000013,00000028,000000c2,0000001c,00000018,00000008,00000010
211,211,0,1,1,0,0,1,00000013,00000028,000000c3,0000001c,00000018,00000008,00000010
212,212,0,1,1,0,0,1,00000013,00000028,000000c4,0000001c,00000018,00000008,00000010
213,213,0,1,1,0,0,1,00000013,00000028,000000c5,0000001c,00000018,00000008,00000010
214,214,0,1,1,0,0,1,00000014,00000028,000000c6,0000001c,00000018,00000008,00000010
215,215,0,1,1,0,0,1,00000014,00000028,000000c7,0000001c,00000018,00000008,00000010
216,216,0,1,1,0,0,1,00000014,00000028,000000c8,0000001c,00000018,00000008,00000010
217,217,0,1,1,0,0,1,00000014,00000028,000000c9,0000001c,00000018,00000008,00000010
218,218,0,1,1,0,0,1,00000014,00000028,000000ca,0000001c,00000018,00000008,00000010
219,219,0,1,1,0,0,1,00000014,00000029,000000cb,0000001c,00000018,00000008,00000010
220,220,0,1,1,0,0,1,00000014,00000029,000000cc,0000001c,00000018,00000008,00000010
221,221,0,1,1,0,0,1,00000014,00000029,000000cd,0000001c,00000018,00000008,00000010
222,222,0,1,1,0,0,1,00000014,0000002a,000000ce,0000001c,00000018,00000008,00000010
223,223,0,1,1,0,0,1,00000014,0000002a,000000cf,0000001c,00000018,00000008,00000010
224,224,0,1,1,0,0,1,00000014,0000002a,000000d0,0000001c,00000018,00000008,00000010
225,225,0,1,1,0,0,1,00000014,0000002a,000000d1,0000001c,00000018,00000008,00000010
226,226,0,1,1,0,0,1,00000015,0000002a,000000d2,0000001c,00000018,00000008,00000010
227,227,0,1,1,0,0,1,00000015,0000002a,000000d3,0000001c,00000018,00000008,00000010
228,228,0,1,1,0,0,1,00000015,0000002a,000000d4,0000001c,00000018,00000008,00000010
229,229,0,1,1,0,0,1,00000015,0000002a,000000d5,0000001c,00000018,00000008,00000010
230,230,0,1,1,0,0,1,00000015,0000002a,000000d6,0000001c,00000018,00000008,00000010
231,231,0,1,1,0,0,1,00000015,0000002b,000000d7,0000001c,00000018,00000008,00000010
232,232,0,1,1,0,0,1,00000015,0000002b,000000d8,0000001c,00000018,00000008,00000010
233,233,0,1,1,0,0,1,00000015,0000002b,000000d9,0000001c,00000018,00000008,00000010
234,234,0,1,1,0,0,1,00000015,0000002c,000000da,0000001c,00000018,00000008,00000010
235,235,0,1,1,0,0,1,00000015,0000002c,000000db,0000001c,00000018,00000008,00000010
236,236,0,1,1,0,0,1,00000015,0000002c,000000dc,0000001c,00000018,00000008,00000010
237,237,0,1,1,0,0,1,00000015,0000002c,000000dd,0000001c,00000018,00000008,00000010
238,238,0,1,1,0,0,1,00000015,0000002d,000000de,0000001c,00000018,00000008,00000010
239,239,0,1,1,0,0,1,00000015,0000002d,000000df,0000001c,00000018,00000008,00000010
240,240,0,1,1,0,0,1,00000015,0000002d,000000e0,0000001c,00000018,00000008,00000010
241,241,0,1,1,0,0,1,00000015,0000002e,000000e1,0000001c,00000018,00000008,00000010
242,242,0,1,1,0,0,1,00000015,0000002e,000000e2,0000001c,00000018,00000008,00000010
243,243,0,1,1,0,0,1,00000015,0000002e,000000e3,0000001c,00000018,00000008,00000010
244,244,0,1,1,0,0,1,00000015,0000002e,000000e4,0000001c,00000018,00000008,00000010
245,245,0,1,1,0,0,1,00000015,0000002f,000000e5,0000001c,00000018,00000008,00000010
246,246,0,1,1,0,0,1,00000015,0000002f,000000e6,0000001c,00000018,00000008,00000010
247,247,0,1,1,0,0,1,00000015,0000002f,000000e7,0000001c,00000018,00000008,00000010
248,248,0,1,1,0,0,1,00000015,00000030,000000e8,0000001c,00000018,00000008,00000010
249,249,0,1,1,0,0,1,00000015,00000030,000000e9,0000001c,00000018,00000008,00000010
250,250,0,1,1,0,0,1,00000015,00000030,000000ea,0000001c,00000018,00000008,00000010
251,251,0,1,1,0,0,1,00000015,00000030,000000eb,0000001c,00000018,00000008,00000010
252,252,0,1,1,0,0,1,00000015,00000031,000000ec,0000001c,00000018,00000008,00000010
253,253,0,1,1,0,0,1,00000015,00000031,000000ed,0000001c,00000018,00000008,00000010
254,254,0,1,1,0,0,1,00000015,00000031,000000ee,0000001c,00000018,00000008,00000010
255,255,0,1,1,0,0,1,00000015,00000032,000000ef,0000001c,00000018,00000008,00000010
256,256,0,1,1,0,0,1,00000015,00000032,000000f0,0000001c,00000018,00000008,00000010
257,257,0,1,1,0,0,1,00000015,00000032,000000f1,0000001c,00000018,00000008,00000010
258,258,0,1,1,0,0,1,00000015,00000032,000000f2,0000001c,00000018,00000008,00000010
259,259,0,1,1,0,0,1,00000015,00000033,000000f3,0000001c,00000018,00000008,00000010
260,260,0,1,1,0,0,1,00000015,00000033,000000f4,0000001c,00000018,00000008,00000010
261,261,0,1,1,0,0,1,00000015,00000033,000000f5,0000001c,00000018,00000008,00000010
262,262,0,1,1,0,0,1,00000015,00000034,000000f6,0000001c,00000018,00000008,00000010
263,263,0,1,1,0,0,1,00000015,00000034,000000f7,0000001c,00000018,00000008,00000010
264,264,0,1,1,0,0,1,00000015,00000034,000000f8,0000001c,00000018,00000008,00000010
265,265,0,1,1,0,0,1,00000015,00000034,000000f9,0000001c,00000018,00000008,00000010
266,266,0,1,1,0,0,1,00000015,00000035,000000fa,0000001c,00000018,00000008,00000010
267,267,0,1,1,0,0,1,00000015,00000035,000000fb,0000001c,00000018,00000008,00000010
268,268,0,1,1,0,0,1,00000015,00000035,000000fc,0000001c,00000018,00000008,00000010
269,269,0,1,1,0,0,1,00000015,00000036,000000fd,0000001c,00000018,00000008,00000010
270,270,0,1,1,0,0,1,00000015,00000036,000000fe,0000001c,00000018,00000008,00000010
271,271,0,1,1,0,0,1,00000015,00000036,000000ff,0000001c,00000018,00000008,00000010
272,272,0,1,1,0,0,1,00000015,00000036,00000100,0000001c,00000018,00000008,00000010
273,273,0,1,1,0,0,1,00000015,00000037,00000101,0000001c,00000018,00000008,00000010
274,274,0,1,1,0,0,1,00000015,00000037,00000102,0000001c,00000018,00000008,00000010
275,275,0,1,1,0,0,1,00000015,00000037,00000103,0000001c,00000018,00000008,00000010
276,276,0,1,1,0,0,1,00000015,00000038,00000104,0000001c,00000018,00000008,00000010
277,277,0,1,1,0,0,1,00000015,00000038,00000105,0000001c,00000018,00000008,00000010
278,278,0,1,1,0,0,1,00000015,00000038,00000106,0000001c,00000018,00000008,00000010
279,279,0,1,1,0,0,1,00000015,00000038,00000107,0000001c,00000018,00000008,00000010
280,280,0,1,1,0,0,1,00000015,00000039,00000108,0000001c,00000018,00000008,00000010
281,281,0,1,1,0,0,1,00000015,00000039,00000109,0000001c,00000018,00000008,00000010
282,282,0,1,1,0,0,1,00000015,00000039,0000010a,0000001c,00000018,00000008,00000010
283,283,0,1,1,0,0,1,00000015,0000003a,0000010b,0000001c,00000018,00000008,00000010
284,284,0,1,1,0,0,1,00000015,0000003a,0000010c,0000001c,00000018,00000008,00000010
285,285,0,1,1,0,0,1,00000015,0000003a,0000010d,0000001c,00000018,00000008,00000010
286,286,0,1,1,0,0,1,00000015,0000003a,0000010e,0000001c,00000018,00000008,00000010
287,287,0,1,1,0,0,1,00000015,0000003b,0000010f,0000001c,00000018,00000008,00000010
288,288,0,1,1,0,0,1,00000015,0000003b,00000110,0000001c,00000018,00000008,00000010
289,289,0,1,1,0,0,1,00000015,0000003b,00000111,0000001c,00000018,00000008,00000010
290,290,0,1,1,0,0,1,00000015,0000003c,00000112,0000001c,00000018,00000008,00000010
291,291,0,1,1,0,0,1,00000015,0000003c,00000113,0000001c,00000018,00000008,00000010
292,292,0,1,1,0,0,1,00000015,0000003c,00000114,0000001c,00000018,00000008,00000010
293,293,0,1,1,0,0,1,00000015,0000003c,00000115,0000001c,00000018,00000008,00000010
294,294,0,1,1,0,0,1,00000015,0000003d,00000116,0000001c,00000018,00000008,00000010
295,295,0,1,1,0,0,1,00000015,0000003d,00000117,0000001c,00000018,00000008,00000010
296,296,0,1,1,0,0,1,00000015,0000003d,00000118,0000001c,00000018,00000008,00000010
297,297,0,1,1,0,0,1,00000015,0000003e,00000119,0000001c,00000018,00000008,00000010
298,298,0,1,1,0,0,1,00000015,0000003e,0000011a,0000001c,00000018,00000008,00000010
299,299,0,1,1,0,0,1,00000015,0000003e,0000011b,0000001c,00000018,00000008,00000010
300,300,0,1,1,0,0,1,00000015,0000003e,0000011c,0000001c,00000018,00000008,00000010
301,301,0,1,1,0,0,1,00000015,0000003f,0000011d,0000001c,00000018,00000008,00000010
302,302,0,1,1,0,0,1,00000015,0000003f,0000011e,0000001c,00000018,00000008,00000010
303,303,0,1,1,0,0,1,00000015,0000003f,0000011f,0000001c,00000018,00000008,00000010
304,304,0,1,1,0,0,1,00000015,00000040,00000120,0000001c,00000018,00000008,00000010
305,305,0,1,1,0,0,1,00000015,00000040,00000121,0000001c,00000018,00000008,00000010
306,306,0,1,1,0,0,1,00000015,00000040,00000122,0000001c,00000018,00000008,00000010
307,307,0,1,1,0,0,1,00000015,00000040,00000123,0000001c,00000018,00000008,00000010
308,308,0,1,1,0,0,1,00000015,00000041,00000124,0000001c,00000018,00000008,00000010
309,309,0,1,1,0,0,1,00000015,00000041,00000125,0000001c,00000018,00000008,00000010
310,310,0,1,1,0,0,1,00000015,00000041,00000126,0000001c,00000018,00000008,00000010
311,311,0,1,1,0,0,1,00000015,00000042,00000127,0000001c,00000018,00000008,00000010
312,312,0,1,1,0,0,1,00000015,00000042,00000128,0000001c,00000018,00000008,00000010
313,313,0,1,1,0,0,1,00000015,00000042,00000129,0000001c,00000018,00000008,00000010
314,314,0,1,1,0,0,1,00000015,00000042,0000012a,0000001c,00000018,00000008,00000010
315,315,0,1,1,0,0,1,00000015,00000043,0000012b,0000001c,00000018,00000008,00000010
316,316,0,1,1,0,0,1,00000015,00000043,0000012c,0000001c,00000018,00000008,00000010
317,317,0,1,1,0,0,1,00000015,00000043,0000012d,0000001c,00000018,00000008,00000010
318,318,0,1,1,0,0,1,00000015,00000044,0000012e,0000001c,00000018,00000008,00000010
319,319,0,1,1,0,0,1,00000015,00000044,0000012f,0000001c,00000018,00000008,00000010
320,320,0,1,1,0,0,1,00000015,00000044,00000130,0000001c,00000018,00000008,00000010
321,321,0,1,1,0,0,1,00000015,00000044,00000131,0000001c,00000018,00000008,00000010
322,322,0,1,1,0,0,1,00000015,00000045,00000132,0000001c,00000018,00000008,00000010
323,323,0,1,1,0,0,1,00000015,00000045,00000133,0000001c,00000018,00000008,00000010
324,324,0,1,1,0,0,1,00000015,00000045,00000134,0000001c,00000018,00000008,00000010
325,325,0,1,1,0,0,1,00000015,00000046,00000135,0000001c,00000018,00000008,00000010
326,326,0,1,1,0,0,1,00000015,00000046,00000136,0000001c,00000018,00000008,00000010
327,327,0,1,1,0,0,1,00000015,00000046,00000137,0000001c,00000018,00000008,00000010
328,328,0,1,1,0,0,1,00000015,00000046,00000138,0000001c,00000018,00000008,00000010
329,329,0,1,1,0,0,1,00000015,00000047,00000139,0000001c,00000018,00000008,00000010
330,330,0,1,1,0,0,1,00000015,00000047,0000013a,0000001c,00000018,00000008,00000010
331,331,0,1,1,0,0,1,00000015,00000047,0000013b,0000001c,00000018,00000008,00000010
332,332,0,1,1,0,0,1,00000015,00000048,0000013c,0000001c,00000018,00000008,00000010
333,333,0,1,1,0,0,1,00000015,00000048,0000013d,0000001c,00000018,00000008,00000010
334,334,0,1,1,0,0,1,00000015,00000048,0000013e,0000001c,00000018,00000008,00000010
335,335,0,1,1,0,0,1,00000015,00000048,0000013f,0000001c,00000018,00000008,00000010
336,336,0,1,1,0,0,1,00000015,00000049,00000140,0000001c,00000018,00000008,00000010
337,337,0,1,1,0,0,1,00000015,00000049,00000141,0000001c,00000018,00000008,00000010
338,338,0,1,1,0,0,1,00000015,00000049,00000142,0000001c,00000018,00000008,00000010
339,339,0,1,1,0,0,1,00000015,0000004a,00000143,0000001c,00000018,00000008,00000010
340,340,0,1,1,0,0,1,00000015,0000004a,00000144,0000001c,00000018,00000008,00000010
341,341,0,1,1,0,0,1,00000015,0000004a,00000145,0000001c,00000018,00000008,00000010
342,342,0,1,1,0,0,1,00000015,0000004a,00000146,0000001c,00000018,00000008,00000010
343,343,0,1,1,0,0,1,00000015,0000004b,00000147,0000001c,00000018,00000008,00000010
344,344,0,1,1,0,0,1,00000015,0000004b,00000148,0000001c,00000018,00000008,00000010
345,345,0,1,1,0,0,1,00000015,0000004b,00000149,0000001c,00000018,00000008,00000010
346,346,0,1,1,0,0,1,00000015,0000004c,0000014a,0000001c,00000018,00000008,00000010
347,347,0,1,1,0,0,1,00000015,0000004c,0000014b,0000001c,00000018,00000008,00000010
348,348,0,1,1,0,0,1,00000015,0000004c,0000014c,0000001c,00000018,00000008,00000010
349,349,0,1,1,0,0,1,00000015,0000004c,0000014d,0000001c,00000018,00000008,00000010
350,350,0,1,1,0,0,1,00000015,0000004d,0000014e,0000001c,00000018,00000008,00000010
351,351,0,1,1,0,0,1,00000015,0000004d,0000014f,0000001c,00000018,00000008,00000010
352,352,0,1,1,0,0,1,00000015,0000004d,00000150,0000001c,00000018,00000008,00000010
353,353,0,1,1,0,0,1,00000015,0000004e,00000151,0000001c,00000018,00000008,00000010
354,354,0,1,1,0,0,1,00000015,0000004e,00000152,0000001c,00000018,00000008,00000010
355,355,0,1,1,0,0,1,00000015,0000004e,00000153,0000001c,00000018,00000008,00000010
356,356,0,1,1,0,0,1,00000015,0000004e,00000154,0000001c,00000018,00000008,00000010
357,357,0,1,1,0,0,1,00000015,0000004f,00000155,0000001c,00000018,00000008,00000010
358,358,0,1,1,0,0,1,00000015,0000004f,00000156,0000001c,00000018,00000008,00000010
359,359,0,1,1,0,0,1,00000015,0000004f,00000157,0000001c,00000018,00000008,00000010
360,360,0,1,1,0,0,1,00000015,00000050,00000158,0000001c,00000018,00000008,00000010
361,361,0,1,1,0,0,1,00000015,00000050,00000159,0000001c,00000018,00000008,00000010
362,362,0,1,1,0,0,1,00000015,00000050,0000015a,0000001c,00000018,00000008,00000010
363,363,0,1,1,0,0,1,00000015,00000050,0000015b,0000001c,00000018,00000008,00000010
364,364,0,1,1,0,0,1,00000015,00000051,0000015c,0000001c,00000018,00000008,00000010
365,365,0,1,1,0,0,1,00000015,00000051,0000015d,0000001c,00000018,00000008,00000010
366,366,0,1,1,0,0,1,00000015,00000051,0000015e,0000001c,00000018,00000008,00000010
367,367,0,1,1,0,0,1,00000015,00000052,0000015f,0000001c,00000018,00000008,00000010
368,368,0,1,1,0,0,1,00000015,00000052,00000160,0000001c,00000018,00000008,00000010
369,369,0,1,1,0,0,1,00000015,00000052,00000161,0000001c,00000018,00000008,00000010
370,370,0,1,1,0,0,1,00000015,00000052,00000162,0000001c,00000018,00000008,00000010
371,371,0,1,1,0,0,1,00000015,00000053,00000163,0000001c,00000018,00000008,00000010
372,372,0,1,1,0,0,1,00000015,00000053,00000164,0000001c,00000018,00000008,00000010
373,373,0,1,1,0,0,1,00000015,00000053,00000165,0000001c,00000018,00000008,00000010
374,374,0,1,1,0,0,1,00000015,00000054,00000166,0000001c,00000018,00000008,00000010
375,375,0,1,1,0,0,1,00000015,00000054,00000167,0000001c,00000018,00000008,00000010
376,376,0,1,1,0,0,1,00000015,00000054,00000168,0000001c,00000018,00000008,00000010
377,377,0,1,1,0,0,1,00000015,00000054,00000169,0000001c,00000018,00000008,00000010
378,378,0,1,1,0,0,1,00000015,00000055,0000016a,0000001c,00000018,00000008,00000010
379,379,0,1,1,0,0,1,00000015,00000055,0000016b,0000001c,00000018,00000008,00000010
380,380,0,1,1,0,0,1,00000015,00000055,0000016c,0000001c,00000018,00000008,00000010
381,381,0,1,1,0,0,1,00000015,00000056,0000016d,0000001c,00000018,00000008,00000010
382,382,0,1,1,0,0,1,00000015,00000056,0000016e,0000001c,00000018,00000008,00000010
383,383,0,1,1,0,0,1,00000015,00000056,0000016f,0000001c,00000018,00000008,00000010
384,384,0,1,1,0,0,1,00000015,00000056,00000170,0000001c,00000018,00000008,00000010
385,385,0,1,1,0,0,1,00000015,00000057,00000171,0000001c,00000018,00000008,00000010
386,386,0,1,1,0,0,1,00000015,00000057,00000172,0000001c,00000018,00000008,00000010
387,387,0,1,1,0,0,1,00000015,00000057,00000173,0000001c,00000018,00000008,00000010
388,388,0,1,1,0,0,1,00000015,00000058,00000174,0000001c,00000018,00000008,00000010
389,389,0,1,1,0,0,1,00000015,00000058,00000175,0000001c,00000018,00000008,00000010
390,390,0,1,1,0,0,1,00000015,00000058,00000176,0000001c,00000018,00000008,00000010
391,391,0,1,1,0,0,1,00000015,00000058,00000177,0000001c,00000018,00000008,00000010
392,392,0,1,1,0,0,1,00000015,00000059,00000178,0000001c,00000018,00000008,00000010
393,393,0,1,1,0,0,1,00000015,00000059,00000179,0000001c,00000018,00000008,00000010
394,394,0,1,1,0,0,1,00000015,00000059,0000017a,0000001c,00000018,00000008,00000010
395,395,0,1,1,0,0,1,00000015,0000005a,0000017b,0000001c,00000018,00000008,00000010
396,396,0,1,1,0,0,1,00000015,0000005a,0000017c,0000001c,00000018,00000008,00000010
397,397,0,1,1,0,0,1,00000015,0000005a,0000017d,0000001c,00000018,00000008,00000010
398,398,0,1,1,0,0,1,00000015,0000005a,0000017e,0000001c,00000018,00000008,00000010
399,399,0,1,1,0,0,1,00000015,0000005b,0000017f,0000001c,00000018,00000008,00000010
400,400,0,1,1,0,0,1,00000015,0000005b,00000180,0000001c,00000018,00000008,00000010
401,401,0,1,1,0,0,1,00000015,0000005b,00000181,0000001c,00000018,00000008,00000010
402,402,0,1,1,0,0,1,00000015,0000005c,00000182,0000001c,00000018,00000008,00000010
403,403,0,1,1,0,0,1,00000015,0000005c,00000183,0000001c,00000018,00000008,00000010
404,404,0,1,1,0,0,1,00000015,0000005c,00000184,0000001c,00000018,00000008,00000010
405,405,0,1,1,0,0,1,00000015,0000005c,00000185,0000001c,00000018,00000008,00000010
406,406,0,1,1,0,0,1,00000015,0000005d,00000186,0000001c,00000018,00000008,00000010
407,407,0,1,1,0,0,1,00000015,0000005d,00000187,0000001c,00000018,00000008,00000010
408,408,0,1,1,0,0,1,00000015,0000005d,00000188,0000001c,00000018,00000008,00000010
409,409,0,1,1,0,0,1,00000015,0000005e,00000189,0000001c,00000018,00000008,00000010
410,410,0,1,1,0,0,1,00000015,0000005e,0000018a,0000001c,00000018,00000008,00000010
411,411,0,1,1,0,0,1,00000015,0000005e,0000018b,0000001c,00000018,00000008,00000010
412,412,0,1,1,0,0,1,00000015,0000005e,0000018c,0000001c,00000018,00000008,00000010
413,413,0,1,1,0,0,1,00000015,0000005f,0000018d,0000001c,00000018,00000008,00000010
414,414,0,1,1,0,0,1,00000015,0000005f,0000018e,0000001c,00000018,00000008,00000010
415,415,0,1,1,0,0,1,00000015,0000005f,0000018f,0000001c,00000018,00000008,00000010
416,416,0,1,1,0,0,1,00000015,00000060,00000190,0000001c,00000018,00000008,00000010
417,417,0,1,1,0,0,1,00000015,00000060,00000191,0000001c,00000018,00000008,00000010
418,418,0,1,1,0,0,1,00000015,00000060,00000192,0000001c,00000018,00000008,00000010
419,419,0,1,1,0,0,1,00000015,00000060,00000193,0000001c,00000018,00000008,00000010
420,420,0,1,1,0,0,1,00000015,00000061,00000194,0000001c,00000018,00000008,00000010
421,421,0,1,1,0,0,1,00000015,00000061,00000195,0000001c,00000018,00000008,00000010
422,422,0,1,1,0,0,1,00000015,00000061,00000196,0000001c,00000018,00000008,00000010
423,423,0,1,1,0,0,1,00000015,00000062,00000197,0000001c,00000018,00000008,00000010
424,424,0,1,1,0,0,1,00000015,00000062,00000198,0000001c,00000018,00000008,00000010
425,425,0,1,1,0,0,1,00000015,00000062,00000199,0000001c,00000018,00000008,00000010
426,426,0,1,1,0,0,1,00000015,00000062,0000019a,0000001c,00000018,00000008,00000010
427,427,0,1,1,0,0,1,00000015,00000063,0000019b,0000001c,00000018,00000008,00000010
428,428,0,1,1,0,0,1,00000015,00000063,0000019c,0000001c,00000018,00000008,00000010
429,429,0,1,1,0,0,1,00000015,00000063,0000019d,0000001c,00000018,00000008,00000010
430,430,0,1,1,0,0,1,00000015,00000064,0000019e,0000001c,00000018,00000008,00000010
431,431,0,1,1,0,0,1,00000015,00000064,0000019f,0000001c,00000018,00000008,00000010
432,432,0,1,1,0,0,1,00000015,00000064,000001a0,0000001c,00000018,00000008,00000010
433,433,0,1,1,0,0,1,00000015,00000064,000001a1,0000001c,00000018,00000008,00000010
434,434,0,1,1,0,0,1,00000015,00000065,000001a2,0000001c,00000018,00000008,00000010
435,435,0,1,1,0,0,1,00000015,00000065,000001a3,0000001c,00000018,00000008,00000010
436,436,0,1,1,0,0,1,00000015,00000065,000001a4,0000001c,00000018,00000008,00000010
437,437,0,1,1,0,0,1,00000015,00000066,000001a5,0000001c,00000018,00000008,00000010
438,438,0,1,1,0,0,1,00000015,00000066,000001a6,0000001c,00000018,00000008,00000010
439,439,0,1,1,0,0,1,00000015,00000066,000001a7,0000001c,00000018,00000008,00000010
440,440,0,1,1,0,0,1,00000015,00000066,000001a8,0000001c,00000018,00000008,00000010
441,441,0,1,1,0,0,1,00000015,00000067,000001a9,0000001c,00000018,00000008,00000010
442,442,0,1,1,0,0,1,00000015,00000067,000001aa,0000001c,00000018,00000008,00000010
443,443,0,1,1,0,0,1,00000015,00000067,000001ab,0000001c,00000018,00000008,00000010
444,444,0,1,1,0,0,1,00000015,00000068,000001ac,0000001c,00000018,00000008,00000010
445,445,0,1,1,0,0,1,00000015,00000068,000001ad,0000001c,00000018,00000008,00000010
446,446,0,1,1,0,0,1,00000015,00000068,000001ae,0000001c,00000018,00000008,00000010
447,447,0,1,1,0,0,1,00000015,00000068,000001af,0000001c,00000018,00000008,00000010
448,448,0,1,1,0,0,1,00000015,00000069,000001b0,0000001c,00000018,00000008,00000010
449,449,0,1,1,0,0,1,00000015,00000069,000001b1,0000001c,00000018,00000008,00000010
450,450,0,1,1,0,0,1,00000015,00000069,000001b2,0000001c,00000018,00000008,00000010
451,451,0,1,1,0,0,1,00000015,0000006a,000001b3,0000001c,00000018,00000008,00000010
452,452,0,1,1,0,0,1,00000015,0000006a,000001b4,0000001c,00000018,00000008,00000010
453,453,0,1,1,0,0,1,00000015,0000006a,000001b5,0000001c,00000018,00000008,00000010
454,454,0,1,1,0,0,1,00000015,0000006a,000001b6,0000001c,00000018,00000008,00000010
455,455,0,1,1,0,0,1,00000015,0000006b,000001b7,0000001c,00000018,00000008,00000010
456,456,0,1,1,0,0,1,00000015,0000006b,000001b8,0000001c,00000018,00000008,00000010
457,457,0,1,1,0,0,1,00000015,0000006b,000001b9,0000001c,00000018,00000008,00000010
458,458,0,1,1,0,0,1,00000015,0000006c,000001ba,0000001c,00000018,00000008,00000010
459,459,0,1,1,0,0,1,00000015,0000006c,000001bb,0000001c,00000018,00000008,00000010
460,460,0,1,1,0,0,1,00000015,0000006c,000001bc,0000001c,00000018,00000008,00000010
461,461,0,1,1,0,0,1,00000015,0000006c,000001bd,0000001c,00000018,00000008,00000010
462,462,0,1,1,0,0,1,00000015,0000006d,000001be,0000001c,00000018,00000008,00000010
463,463,0,1,1,0,0,1,00000015,0000006d,000001bf,0000001c,00000018,00000008,00000010
464,464,0,1,1,0,0,1,00000015,0000006d,000001c0,0000001c,00000018,00000008,00000010
465,465,0,1,1,0,0,1,00000015,0000006e,000001c1,0000001c,00000018,00000008,00000010
466,466,0,1,1,0,0,1,00000015,0000006e,000001c2,0000001c,00000018,00000008,00000010
467,467,0,1,1,0,0,1,00000015,0000006e,000001c3,0000001c,00000018,00000008,00000010
468,468,0,1,1,0,0,1,00000015,0000006e,000001c4,0000001c,00000018,00000008,00000010
469,469,0,1,1,0,0,1,00000015,0000006f,000001c5,0000001c,00000018,00000008,00000010
470,470,0,1,1,0,0,1,00000015,0000006f,000001c6,0000001c,00000018,00000008,00000010
471,471,0,1,1,0,0,1,00000015,0000006f,000001c7,0000001c,00000018,00000008,00000010
472,472,0,1,1,0,0,1,00000015,00000070,000001c8,0000001c,00000018,00000008,00000010
473,473,0,1,1,0,0,1,00000015,00000070,000001c9,0000001c,00000018,00000008,00000010
474,474,0,1,1,0,0,1,00000015,00000070,000001ca,0000001c,00000018,00000008,00000010
475,475,0,1,1,0,0,1,00000015,00000070,000001cb,0000001c,00000018,00000008,00000010
476,476,0,1,1,0,0,1,00000015,00000071,000001cc,0000001c,00000018,00000008,00000010
477,477,0,1,1,0,0,1,00000015,00000071,000001cd,0000001c,00000018,00000008,00000010
478,478,0,1,1,0,0,1,00000015,00000071,000001ce,0000001c,00000018,00000008,00000010
479,479,0,1,1,0,0,1,00000015,00000072,000001cf,0000001c,00000018,00000008,00000010
480,480,0,1,1,0,0,1,00000015,00000072,000001d0,0000001c,00000018,00000008,00000010
481,481,0,1,1,0,0,1,00000015,00000072,000001d1,0000001c,00000018,00000008,00000010
482,482,0,1,1,0,0,1,00000015,00000072,000001d2,0000001c,00000018,00000008,00000010
483,483,0,1,1,0,0,1,00000015,00000073,000001d3,0000001c,00000018,00000008,00000010
484,484,0,1,1,0,0,1,00000015,00000073,000001d4,0000001c,00000018,00000008,00000010
485,485,0,1,1,0,0,1,00000015,00000073,000001d5,0000001c,00000018,00000008,00000010
486,486,0,1,1,0,0,1,00000015,00000074,000001d6,0000001c,00000018,00000008,00000010
487,487,0,1,1,0,0,1,00000015,00000074,000001d7,0000001c,00000018,00000008,00000010
488,488,0,1,1,0,0,1,00000015,00000074,000001d8,0000001c,00000018,00000008,00000010
489,489,0,1,1,0,0,1,00000015,00000074,000001d9,0000001c,00000018,00000008,00000010
490,490,0,1,1,0,0,1,00000015,00000075,000001da,0000001c,00000018,00000008,00000010
491,491,0,1,1,0,0,1,00000015,00000075,000001db,0000001c,00000018,00000008,00000010
492,492,0,1,1,0,0,1,00000015,00000075,000001dc,0000001c,00000018,00000008,00000010
493,493,0,1,1,0,0,1,00000015,00000076,000001dd,0000001c,00000018,00000008,00000010
494,494,0,1,1,0,0,1,00000015,00000076,000001de,0000001c,00000018,00000008,00000010
495,495,0,1,1,0,0,1,00000015,00000076,000001df,0000001c,00000018,00000008,00000010
496,496,0,1,1,0,0,1,00000015,00000076,000001e0,0000001c,00000018,00000008,00000010
497,497,0,1,1,0,0,1,00000015,00000077,000001e1,0000001c,00000018,00000008,00000010
498,498,0,1,1,0,0,1,00000015,00000077,000001e2,0000001c,00000018,00000008,00000010
499,499,0,1,1,0,0,1,00000015,00000077,000001e3,0000001c,00000018,00000008,00000010
500,500,0,1,1,0,0,1,00000015,00000078,000001e4,0000001c,00000018,00000008,00000010
501,501,0,1,1,0,0,1,00000015,00000078,000001e5,0000001c,00000018,00000008,00000010
502,502,0,1,1,0,0,1,00000015,00000078,000001e6,0000001c,00000018,00000008,00000010
503,503,0,1,1,0,0,1,00000015,00000078,000001e7,0000001c,00000018,00000008,00000010
504,504,0,1,1,0,0,1,00000015,00000079,000001e8,0000001c,00000018,00000008,00000010
505,505,0,1,1,0,0,1,00000015,00000079,000001e9,0000001c,00000018,00000008,00000010
506,506,0,1,1,0,0,1,00000015,00000079,000001ea,0000001c,00000018,00000008,00000010
507,507,0,1,1,0,0,1,00000015,0000007a,000001eb,0000001c,00000018,00000008,00000010
508,508,0,1,1,0,0,1,00000015,0000007a,000001ec,0000001c,00000018,00000008,00000010
509,509,0,1,1,0,0,1,00000015,0000007a,000001ed,0000001c,00000018,00000008,00000010
510,510,0,1,1,0,0,1,00000015,0000007a,000001ee,0000001c,00000018,00000008,00000010
511,511,0,1,1,0,0,1,00000015,0000007b,000001ef,0000001c,00000018,00000008,00000010
512,512,0,1,1,0,0,1,00000015,0000007b,000001f0,0000001c,00000018,00000008,00000010
513,513,0,1,1,0,0,1,00000015,0000007b,000001f1,0000001c,00000018,00000008,00000010
514,514,0,1,1,0,0,1,00000015,0000007c,000001f2,0000001c,00000018,00000008,00000010
515,515,0,1,1,0,0,1,00000015,0000007c,000001f3,0000001c,00000018,00000008,00000010
516,516,0,1,1,0,0,1,00000015,0000007c,000001f4,0000001c,00000018,00000008,00000010
517,517,0,1,1,0,0,1,00000015,0000007c,000001f5,0000001c,00000018,00000008,00000010
518,518,0,1,1,0,0,1,00000015,0000007d,000001f6,0000001c,00000018,00000008,00000010
519,519,0,1,1,0,0,1,00000015,0000007d,000001f7,0000001c,00000018,00000008,00000010
520,520,0,1,1,0,0,1,00000015,0000007d,000001f8,0000001c,00000018,00000008,00000010
521,521,0,1,1,0,0,1,00000015,0000007e,000001f9,0000001c,00000018,00000008,00000010
522,522,0,1,1,0,0,1,00000015,0000007e,000001fa,0000001c,00000018,00000008,00000010
523,523,0,1,1,0,0,1,00000015,0000007e,000001fb,0000001c,00000018,00000008,00000010
524,524,0,1,1,0,0,1,00000015,0000007e,000001fc,0000001c,00000018,00000008,00000010
525,525,0,1,1,0,0,1,00000015,0000007f,000001fd,0000001c,00000018,00000008,00000010
526,526,0,1,1,0,0,1,00000015,0000007f,000001fe,0000001c,00000018,00000008,00000010
527,527,0,1,1,0,0,1,00000015,0000007f,000001ff,0000001c,00000018,00000008,00000010
528,528,0,1,1,0,0,1,00000015,00000080,00000200,0000001c,00000018,00000008,00000010
529,529,0,1,1,0,0,1,00000015,00000080,00000201,0000001c,00000018,00000008,00000010
530,530,0,1,1,0,0,1,00000015,00000080,00000202,0000001c,00000018,00000008,00000010
531,531,0,1,1,0,0,1,00000015,00000080,00000203,0000001c,00000018,00000008,00000010
532,532,0,1,1,0,0,1,00000015,00000081,00000204,0000001c,00000018,00000008,00000010
533,533,0,1,1,0,0,1,00000015,00000081,00000205,0000001c,00000018,00000008,00000010
534,534,0,1,1,0,0,1,00000015,00000081,00000206,0000001c,00000018,00000008,00000010
535,535,0,1,1,0,0,1,00000015,00000082,00000207,0000001c,00000018,00000008,00000010
536,536,0,1,1,0,0,1,00000015,00000082,00000208,0000001c,00000018,00000008,00000010
537,537,0,1,1,0,0,1,00000015,00000082,00000209,0000001c,00000018,00000008,00000010
538,538,0,1,1,0,0,1,00000015,00000082,0000020a,0000001c,00000018,00000008,00000010
539,539,0,1,1,0,0,1,00000015,00000083,0000020b,0000001c,00000018,00000008,00000010
540,540,0,1,1,0,0,1,00000015,00000083,0000020c,0000001c,00000018,00000008,00000010
541,541,0,1,1,0,0,1,00000015,00000083,0000020d,0000001c,00000018,00000008,00000010
542,542,0,1,1,0,0,1,00000015,00000084,0000020e,0000001c,00000018,00000008,00000010
543,543,0,1,1,0,0,1,00000015,00000084,0000020f,0000001c,00000018,00000008,00000010
544,544,0,1,1,0,0,1,00000015,00000084,00000210,0000001c,00000018,00000008,00000010
545,545,0,1,1,0,0,1,00000015,00000084,00000211,0000001c,00000018,00000008,00000010
546,546,0,1,1,0,0,1,00000015,00000085,00000212,0000001c,00000018,00000008,00000010
547,547,0,1,1,0,0,1,00000015,00000085,00000213,0000001c,00000018,00000008,00000010
548,548,0,1,1,0,0,1,00000015,00000085,00000214,0000001c,00000018,00000008,00000010
549,549,0,1,1,0,0,1,00000015,00000086,00000215,0000001c,00000018,00000008,00000010
550,550,0,1,1,0,0,1,00000015,00000086,00000216,0000001c,00000018,00000008,00000010
551,551,0,1,1,0,0,1,00000015,00000086,00000217,0000001c,00000018,00000008,00000010
552,552,0,1,1,0,0,1,00000015,00000086,00000218,0000001c,00000018,00000008,00000010
553,553,0,1,1,0,0,1,00000015,00000087,00000219,0000001c,00000018,00000008,00000010
554,554,0,1,1,0,0,1,00000015,00000087,0000021a,0000001c,00000018,00000008,00000010
555,555,0,1,1,0,0,1,00000015,00000087,0000021b,0000001c,00000018,00000008,00000010
556,556,0,1,1,0,0,1,00000015,00000088,0000021c,0000001c,00000018,00000008,00000010
557,557,0,1,1,0,0,1,00000015,00000088,0000021d,0000001c,00000018,00000008,00000010
558,558,0,1,1,0,0,1,00000015,00000088,0000021e,0000001c,00000018,00000008,00000010
559,559,0,1,1,0,0,1,00000015,00000088,0000021f,0000001c,00000018,00000008,00000010
560,560,0,1,1,0,0,1,00000015,00000089,00000220,0000001c,00000018,00000008,00000010
561,561,0,1,1,0,0,1,00000015,00000089,00000221,0000001c,00000018,00000008,00000010
562,562,0,1,1,0,0,1,00000015,00000089,00000222,0000001c,00000018,00000008,00000010
563,563,0,1,1,0,0,1,00000015,0000008a,00000223,0000001c,00000018,00000008,00000010
564,564,0,1,1,0,0,1,00000015,0000008a,00000224,0000001c,00000018,00000008,00000010
565,565,0,1,1,0,0,1,00000015,0000008a,00000225,0000001c,00000018,00000008,00000010
566,566,0,1,1,0,0,1,00000015,0000008a,00000226,0000001c,00000018,00000008,00000010
567,567,0,1,1,0,0,1,00000015,0000008b,00000227,0000001c,00000018,00000008,00000010
568,568,0,1,1,0,0,1,00000015,0000008b,00000228,0000001c,00000018,00000008,00000010
569,569,0,1,1,0,0,1,00000015,0000008b,00000229,0000001c,00000018,00000008,00000010
570,570,0,1,1,0,0,1,00000015,0000008c,0000022a,0000001c,00000018,00000008,00000010
571,571,0,1,1,0,0,1,00000015,0000008c,0000022b,0000001c,00000018,00000008,00000010
572,572,0,1,1,0,0,1,00000015,0000008c,0000022c,0000001c,00000018,00000008,00000010
573,573,0,1,1,0,0,1,00000015,0000008c,0000022d,0000001c,00000018,00000008,00000010
574,574,0,1,1,0,0,1,00000015,0000008d,0000022e,0000001c,00000018,00000008,00000010
575,575,0,1,1,0,0,1,00000015,0000008d,0000022f,0000001c,00000018,00000008,00000010
576,576,0,1,1,0,0,1,00000015,0000008d,00000230,0000001c,00000018,00000008,00000010
577,577,0,1,1,0,0,1,00000015,0000008e,00000231,0000001c,00000018,00000008,00000010
578,578,0,1,1,0,0,1,00000015,0000008e,00000232,0000001c,00000018,00000008,00000010
579,579,0,1,1,0,0,1,00000015,0000008e,00000233,0000001c,00000018,00000008,00000010
580,580,0,1,1,0,0,1,00000015,0000008e,00000234,0000001c,00000018,00000008,00000010
581,581,0,1,1,0,0,1,00000015,0000008f,00000235,0000001c,00000018,00000008,00000010
582,582,0,1,1,0,0,1,00000015,0000008f,00000236,0000001c,00000018,00000008,00000010
583,583,0,1,1,0,0,1,00000015,0000008f,00000237,0000001c,00000018,00000008,00000010
584,584,0,1,1,0,0,1,00000015,00000090,00000238,0000001c,00000018,00000008,00000010
585,585,0,1,1,0,0,1,00000015,00000090,00000239,0000001c,00000018,00000008,00000010
586,586,0,1,1,0,0,1,00000015,00000090,0000023a,0000001c,00000018,00000008,00000010
587,587,0,1,1,0,0,1,00000015,00000090,0000023b,0000001c,00000018,00000008,00000010
588,588,0,1,1,0,0,1,00000015,00000091,0000023c,0000001c,00000018,00000008,00000010
589,589,0,1,1,0,0,1,00000015,00000091,0000023d,0000001c,00000018,00000008,00000010
590,590,0,1,1,0,0,1,00000015,00000091,0000023e,0000001c,00000018,00000008,00000010
591,591,0,1,1,0,0,1,00000015,00000092,0000023f,0000001c,00000018,00000008,00000010
592,592,0,1,1,0,0,1,00000015,00000092,00000240,0000001c,00000018,00000008,00000010
593,593,0,1,1,0,0,1,00000015,00000092,00000241,0000001c,00000018,00000008,00000010
594,594,0,1,1,0,0,1,00000015,00000092,00000242,0000001c,00000018,00000008,00000010
595,595,0,1,1,0,0,1,00000015,00000093,00000243,0000001c,00000018,00000008,00000010
596,596,0,1,1,0,0,1,00000015,00000093,00000244,0000001c,00000018,00000008,00000010
597,597,0,1,1,0,0,1,00000015,00000093,00000245,0000001c,00000018,00000008,00000010
598,598,0,1,1,0,0,1,00000015,00000094,00000246,0000001c,00000018,00000008,00000010
599,599,0,1,1,0,0,1,00000015,00000094,00000247,0000001c,00000018,00000008,00000010
600,600,0,1,1,0,0,1,00000015,00000094,00000248,0000001c,00000018,00000008,00000010
601,601,0,1,1,0,0,1,00000015,00000094,00000249,0000001c,00000018,00000008,00000010
602,602,0,1,1,0,0,1,00000015,00000095,0000024a,0000001c,00000018,00000008,00000010
603,603,0,1,1,0,0,1,00000015,00000095,0000024b,0000001c,00000018,00000008,00000010
604,604,0,1,1,0,0,1,00000015,00000095,0000024c,0000001c,00000018,00000008,00000010
605,605,0,1,1,0,0,1,00000015,00000096,0000024d,0000001c,00000018,00000008,00000010
606,606,0,1,1,0,0,1,00000015,00000096,0000024e,0000001c,00000018,00000008,00000010
607,607,0,1,1,0,0,1,00000015,00000096,0000024f,0000001c,00000018,00000008,00000010
608,608,0,1,1,0,0,1,00000015,00000096,00000250,0000001c,00000018,00000008,00000010
609,609,0,1,1,0,0,1,00000015,00000097,00000251,0000001c,00000018,00000008,00000010
610,610,0,1,1,0,0,1,00000015,00000097,00000252,0000001c,00000018,00000008,00000010
611,611,0,1,1,0,0,1,00000015,00000097,00000253,0000001c,00000018,00000008,00000010
612,612,0,1,1,0,0,1,00000015,00000098,00000254,0000001c,00000018,00000008,00000010
613,613,0,1,1,0,0,1,00000015,00000098,00000255,0000001c,00000018,00000008,00000010
614,614,0,1,1,0,0,1,00000015,00000098,00000256,0000001c,00000018,00000008,00000010
615,615,0,1,1,0,0,1,00000015,00000098,00000257,0000001c,00000018,00000008,00000010
616,616,0,1,1,0,0,1,00000015,00000099,00000258,0000001c,00000018,00000008,00000010
617,617,0,1,1,0,0,1,00000015,00000099,00000259,0000001c,00000018,00000008,00000010
618,618,0,1,1,0,0,1,00000015,00000099,0000025a,0000001c,00000018,00000008,00000010
619,619,0,1,1,0,0,1,00000015,0000009a,0000025b,0000001c,00000018,00000008,00000010
620,620,0,1,1,0,0,1,00000015,0000009a,0000025c,0000001c,00000018,00000008,00000010
621,621,0,1,1,0,0,1,00000015,0000009a,0000025d,0000001c,00000018,00000008,00000010
622,622,0,1,1,0,0,1,00000015,0000009a,0000025e,0000001c,00000018,00000008,00000010
623,623,0,1,1,0,0,1,00000015,0000009b,0000025f,0000001c,00000018,00000008,00000010
624,624,0,1,1,0,0,1,00000015,0000009b,00000260,0000001c,00000018,00000008,00000010
625,625,0,1,1,0,0,1,00000015,0000009b,00000261,0000001c,00000018,00000008,00000010
626,626,0,1,1,0,0,1,00000015,0000009c,00000262,0000001c,00000018,00000008,00000010
627,627,0,1,1,0,0,1,00000015,0000009c,00000263,0000001c,00000018,00000008,00000010
628,628,0,1,1,0,0,1,00000015,0000009c,00000264,0000001c,00000018,00000008,00000010
629,629,0,1,1,0,0,1,00000015,0000009c,00000265,0000001c,00000018,00000008,00000010
630,630,0,1,1,0,0,1,00000015,0000009d,00000266,0000001c,00000018,00000008,00000010
631,631,0,1,1,0,0,1,00000015,0000009d,00000267,0000001c,00000018,00000008,00000010
632,632,0,1,1,0,0,1,00000015,0000009d,00000268,0000001c,00000018,00000008,00000010
633,633,0,1,1,0,0,1,00000015,0000009e,00000269,0000001c,00000018,00000008,00000010
634,634,0,1,1,0,0,1,00000015,0000009e,0000026a,0000001c,00000018,00000008,00000010
635,635,0,1,1,0,0,1,00000015,0000009e,0000026b,0000001c,00000018,00000008,00000010
636,636,0,1,1,0,0,1,00000015,0000009e,0000026c,0000001c,00000018,00000008,00000010
637,637,0,1,1,0,0,1,00000015,0000009f,0000026d,0000001c,00000018,00000008,00000010
638,638,0,1,1,0,0,1,00000015,0000009f,0000026e,0000001c,00000018,00000008,00000010
639,639,0,1,1,0,0,1,00000015,0000009f,0000026f,0000001c,00000018,00000008,00000010
640,640,0,1,1,0,0,1,00000015,000000a0,00000270,0000001c,00000018,00000008,00000010
641,641,0,1,1,0,0,1,00000015,000000a0,00000271,0000001c,00000018,00000008,00000010
642,642,0,1,1,0,0,1,00000015,000000a0,00000272,0000001c,00000018,00000008,00000010
643,643,0,1,1,0,0,1,00000015,000000a0,00000273,0000001c,00000018,00000008,00000010
644,644,0,1,1,0,0,1,00000015,000000a1,00000274,0000001c,00000018,00000008,00000010
645,645,0,1,1,0,0,1,00000015,000000a1,00000275,0000001c,00000018,00000008,00000010
646,646,0,1,1,0,0,1,00000015,000000a1,00000276,0000001c,00000018,00000008,00000010
647,647,0,1,1,0,0,1,00000015,000000a2,00000277,0000001c,00000018,00000008,00000010
648,648,0,1,1,0,0,1,00000015,000000a2,00000278,0000001c,00000018,00000008,00000010
649,649,0,1,1,0,0,1,00000015,000000a2,00000279,0000001c,00000018,00000008,00000010
650,650,0,1,1,0,0,1,00000015,000000a2,0000027a,0000001c,00000018,00000008,00000010
651,651,0,1,1,0,0,1,00000015,000000a3,0000027b,0000001c,00000018,00000008,00000010
652,652,0,1,1,0,0,1,00000015,000000a3,0000027c,0000001c,00000018,00000008,00000010
653,653,0,1,1,0,0,1,00000015,000000a3,0000027d,0000001c,00000018,00000008,00000010
654,654,0,1,1,0,0,1,00000015,000000a4,0000027e,0000001c,00000018,00000008,00000010
655,655,0,1,1,0,0,1,00000015,000000a4,0000027f,0000001c,00000018,00000008,00000010
656,656,0,1,1,0,0,1,00000015,000000a4,00000280,0000001c,00000018,00000008,00000010
657,657,0,1,1,0,0,1,00000015,000000a4,00000281,0000001c,00000018,00000008,00000010
658,658,0,1,1,0,0,1,00000015,000000a5,00000282,0000001c,00000018,00000008,00000010
659,659,0,1,1,0,0,1,00000015,000000a5,00000283,0000001c,00000018,00000008,00000010
660,660,0,1,1,0,0,1,00000015,000000a5,00000284,0000001c,00000018,00000008,00000010
661,661,0,1,1,0,0,1,00000015,000000a6,00000285,0000001c,00000018,00000008,00000010
662,662,0,1,1,0,0,1,00000015,000000a6,00000286,0000001c,00000018,00000008,00000010
663,663,0,1,1,0,0,1,00000015,000000a6,00000287,0000001c,00000018,00000008,00000010
664,664,0,1,1,0,0,1,00000015,000000a6,00000288,0000001c,00000018,00000008,00000010
665,665,0,1,1,0,0,1,00000015,000000a7,00000289,0000001c,00000018,00000008,00000010
666,666,0,1,1,0,0,1,00000015,000000a7,0000028a,0000001c,00000018,00000008,00000010
667,667,0,1,1,0,0,1,00000015,000000a7,0000028b,0000001c,00000018,00000008,00000010
668,668,0,1,1,0,0,1,00000015,000000a8,0000028c,0000001c,00000018,00000008,00000010
669,669,0,1,1,0,0,1,00000015,000000a8,0000028d,0000001c,00000018,00000008,00000010
670,670,0,1,1,0,0,1,00000015,000000a8,0000028e,0000001c,00000018,00000008,00000010
671,671,0,1,1,0,0,1,00000015,000000a8,0000028f,0000001c,00000018,00000008,00000010
672,672,0,1,1,0,0,1,00000015,000000a9,00000290,0000001c,00000018,00000008,00000010
673,673,0,1,1,0,0,1,00000015,000000a9,00000291,0000001c,00000018,00000008,00000010
674,674,0,1,1,0,0,1,00000015,000000a9,00000292,0000001c,00000018,00000008,00000010
675,675,0,1,1,0,0,1,00000015,000000aa,00000293,0000001c,00000018,00000008,00000010
676,676,0,1,1,0,0,1,00000015,000000aa,00000294,0000001c,00000018,00000008,00000010
677,677,0,1,1,0,0,1,00000015,000000aa,00000295,0000001c,00000018,00000008,00000010
678,678,0,1,1,0,0,1,00000015,000000aa,00000296,0000001c,00000018,00000008,00000010
679,679,0,1,1,0,0,1,00000015,000000ab,00000297,0000001c,00000018,00000008,00000010
680,680,0,1,1,0,0,1,00000015,000000ab,00000298,0000001c,00000018,00000008,00000010
681,681,0,1,1,0,0,1,00000015,000000ab,00000299,0000001c,00000018,00000008,00000010
682,682,0,1,1,0,0,1,00000015,000000ac,0000029a,0000001c,00000018,00000008,00000010
683,683,0,1,1,0,0,1,00000015,000000ac,0000029b,0000001c,00000018,00000008,00000010
684,684,0,1,1,0,0,1,00000015,000000ac,0000029c,0000001c,00000018,00000008,00000010
685,685,0,1,1,0,0,1,00000015,000000ac,0000029d,0000001c,00000018,00000008,00000010
686,686,0,1,1,0,0,1,00000015,000000ad,0000029e,0000001c,00000018,00000008,00000010
687,687,0,1,1,0,0,1,00000015,000000ad,0000029f,0000001c,00000018,00000008,00000010
688,688,0,1,1,0,0,1,00000015,000000ad,000002a0,0000001c,00000018,00000008,00000010
689,689,0,1,1,0,0,1,00000015,000000ae,000002a1,0000001c,00000018,00000008,00000010
690,690,0,1,1,0,0,1,00000015,000000ae,000002a2,0000001c,00000018,00000008,00000010
691,691,0,1,1,0,0,1,00000015,000000ae,000002a3,0000001c,00000018,00000008,00000010
692,692,0,1,1,0,0,1,00000015,000000ae,000002a4,0000001c,00000018,00000008,00000010
693,693,0,1,1,0,0,1,00000015,000000af,000002a5,0000001c,00000018,00000008,00000010
694,694,0,1,1,0,0,1,00000015,000000af,000002a6,0000001c,00000018,00000008,00000010
695,695,0,1,1,0,0,1,00000015,000000af,000002a7,0000001c,00000018,00000008,00000010
696,696,0,1,1,0,0,1,00000015,000000b0,000002a8,0000001c,00000018,00000008,00000010
697,697,0,1,1,0,0,1,00000015,000000b0,000002a9,0000001c,00000018,00000008,00000010
698,698,0,1,1,0,0,1,00000015,000000b0,000002aa,0000001c,00000018,00000008,00000010
699,699,0,1,1,0,0,1,00000015,000000b0,000002ab,0000001c,00000018,00000008,00000010
700,700,0,1,1,0,0,1,00000015,000000b1,000002ac,0000001c,00000018,00000008,00000010
701,701,0,1,1,0,0,1,00000015,000000b1,000002ad,0000001c,00000018,00000008,00000010
702,702,0,1,1,0,0,1,00000015,000000b1,000002ae,0000001c,00000018,00000008,00000010
703,703,0,1,1,0,0,1,00000015,000000b2,000002af,0000001c,00000018,00000008,00000010
704,704,0,1,1,0,0,1,00000015,000000b2,000002b0,0000001c,00000018,00000008,00000010
705,705,0,1,1,0,0,1,00000015,000000b2,000002b1,0000001c,00000018,00000008,00000010
706,706,0,1,1,0,0,1,00000015,000000b2,000002b2,0000001c,00000018,00000008,00000010
707,707,0,1,1,0,0,1,00000015,000000b3,000002b3,0000001c,00000018,00000008,00000010
708,708,0,1,1,0,0,1,00000015,000000b3,000002b4,0000001c,00000018,00000008,00000010
709,709,0,1,1,0,0,1,00000015,000000b3,000002b5,0000001c,00000018,00000008,00000010
710,710,0,1,1,0,0,1,00000015,000000b4,000002b6,0000001c,00000018,00000008,00000010
711,711,0,1,1,0,0,1,00000015,000000b4,000002b7,0000001c,00000018,00000008,00000010
712,712,0,1,1,0,0,1,00000015,000000b4,000002b8,0000001c,00000018,00000008,00000010
713,713,0,1,1,0,0,1,00000015,000000b4,000002b9,0000001c,00000018,00000008,00000010
714,714,0,1,1,0,0,1,00000015,000000b5,000002ba,0000001c,00000018,00000008,00000010
715,715,0,1,1,0,0,1,00000015,000000b5,000002bb,0000001c,00000018,00000008,00000010
716,716,0,1,1,0,0,1,00000015,000000b5,000002bc,0000001c,00000018,00000008,00000010
717,717,0,1,1,0,0,1,00000015,000000b6,000002bd,0000001c,00000018,00000008,00000010
718,718,0,1,1,0,0,1,00000015,000000b6,000002be,0000001c,00000018,00000008,00000010
719,719,0,1,1,0,0,1,00000015,000000b6,000002bf,0000001c,00000018,00000008,00000010
720,720,0,1,1,0,0,1,00000015,000000b6,000002c0,0000001c,00000018,00000008,00000010
721,721,0,1,1,0,0,1,00000015,000000b7,000002c1,0000001c,00000018,00000008,00000010
722,722,0,1,1,0,0,1,00000015,000000b7,000002c2,0000001c,00000018,00000008,00000010
723,723,0,1,1,0,0,1,00000015,000000b7,000002c3,0000001c,00000018,00000008,00000010
724,724,0,1,1,0,0,1,00000015,000000b8,000002c4,0000001c,00000018,00000008,00000010
725,725,0,1,1,0,0,1,00000015,000000b8,000002c5,0000001c,00000018,00000008,00000010
726,726,0,1,1,0,0,1,00000015,000000b8,000002c6,0000001c,00000018,00000008,00000010
727,727,0,1,1,0,0,1,00000015,000000b8,000002c7,0000001c,00000018,00000008,00000010
728,728,0,1,1,0,0,1,00000015,000000b9,000002c8,0000001c,00000018,00000008,00000010
729,729,0,1,1,0,0,1,00000015,000000b9,000002c9,0000001c,00000018,00000008,00000010
730,730,0,1,1,0,0,1,00000015,000000b9,000002ca,0000001c,00000018,00000008,00000010
731,731,0,1,1,0,0,1,00000015,000000ba,000002cb,0000001c,00000018,00000008,00000010
732,732,0,1,1,0,0,1,00000015,000000ba,000002cc,0000001c,00000018,00000008,00000010
733,733,0,1,1,0,0,1,00000015,000000ba,000002cd,0000001c,00000018,00000008,00000010
734,734,0,1,1,0,0,1,00000015,000000ba,000002ce,0000001c,00000018,00000008,00000010
735,735,0,1,1,0,0,1,00000015,000000bb,000002cf,0000001c,00000018,00000008,00000010
736,736,0,1,1,0,0,1,00000015,000000bb,000002d0,0000001c,00000018,00000008,00000010
737,737,0,1,1,0,0,1,00000015,000000bb,000002d1,0000001c,00000018,00000008,00000010
738,738,0,1,1,0,0,1,00000015,000000bc,000002d2,0000001c,00000018,00000008,00000010
739,739,0,1,1,0,0,1,00000015,000000bc,000002d3,0000001c,00000018,00000008,00000010
740,740,0,1,1,0,0,1,00000015,000000bc,000002d4,0000001c,00000018,00000008,00000010
741,741,0,1,1,0,0,1,00000015,000000bc,000002d5,0000001c,00000018,00000008,00000010
742,742,0,1,1,0,0,1,00000015,000000bd,000002d6,0000001c,00000018,00000008,00000010
743,743,0,1,1,0,0,1,00000015,000000bd,000002d7,0000001c,00000018,00000008,00000010
744,744,0,1,1,0,0,1,00000015,000000bd,000002d8,0000001c,00000018,00000008,00000010
745,745,0,1,1,0,0,1,00000015,000000be,000002d9,0000001c,00000018,00000008,00000010
746,746,0,1,1,0,0,1,00000015,000000be,000002da,0000001c,00000018,00000008,00000010
747,747,0,1,1,0,0,1,00000015,000000be,000002db,0000001c,00000018,00000008,00000010
748,748,0,1,1,0,0,1,00000015,000000be,000002dc,0000001c,00000018,00000008,00000010
749,749,0,1,1,0,0,1,00000015,000000bf,000002dd,0000001c,00000018,00000008,00000010
750,750,0,1,1,0,0,1,00000015,000000bf,000002de,0000001c,00000018,00000008,00000010
751,751,0,1,1,0,0,1,00000015,000000bf,000002df,0000001c,00000018,00000008,00000010
752,752,0,1,1,0,0,1,00000015,000000c0,000002e0,0000001c,00000018,00000008,00000010
753,753,0,1,1,0,0,1,00000015,000000c0,000002e1,0000001c,00000018,00000008,00000010
754,754,0,1,1,0,0,1,00000015,000000c0,000002e2,0000001c,00000018,00000008,00000010
755,755,0,1,1,0,0,1,00000015,000000c0,000002e3,0000001c,00000018,00000008,00000010
756,756,0,1,1,0,0,1,00000015,000000c1,000002e4,0000001c,00000018,00000008,00000010
757,757,0,1,1,0,0,1,00000015,000000c1,000002e5,0000001c,00000018,00000008,00000010
758,758,0,1,1,0,0,1,00000015,000000c1,000002e6,0000001c,00000018,00000008,00000010
759,759,0,1,1,0,0,1,00000015,000000c2,000002e7,0000001c,00000018,00000008,00000010
760,760,0,1,1,0,0,1,00000015,000000c2,000002e8,0000001c,00000018,00000008,00000010
761,761,0,1,1,0,0,1,00000015,000000c2,000002e9,0000001c,00000018,00000008,00000010
762,762,0,1,1,0,0,1,00000015,000000c2,000002ea,0000001c,00000018,00000008,00000010
763,763,0,1,1,0,0,1,00000015,000000c3,000002eb,0000001c,00000018,00000008,00000010
764,764,0,1,1,0,0,1,00000015,000000c3,000002ec,0000001c,00000018,00000008,00000010
765,765,0,1,1,0,0,1,00000015,000000c3,000002ed,0000001c,00000018,00000008,00000010
766,766,0,1,1,0,0,1,00000015,000000c4,000002ee,0000001c,00000018,00000008,00000010
767,767,0,1,1,0,0,1,00000015,000000c4,000002ef,0000001c,00000018,00000008,00000010
768,768,0,1,1,0,0,1,00000015,000000c4,000002f0,0000001c,00000018,00000008,00000010
769,769,0,1,1,0,0,1,00000015,000000c4,000002f1,0000001c,00000018,00000008,00000010
770,770,0,1,1,0,0,1,00000015,000000c5,000002f2,0000001c,00000018,00000008,00000010
771,771,0,1,1,0,0,1,00000015,000000c5,000002f3,0000001c,00000018,00000008,00000010
772,772,0,1,1,0,0,1,00000015,000000c5,000002f4,0000001c,00000018,00000008,00000010
773,773,0,1,1,0,0,1,00000015,000000c6,000002f5,0000001c,00000018,00000008,00000010
774,774,0,1,1,0,0,1,00000015,000000c6,000002f6,0000001c,00000018,00000008,00000010
775,775,0,1,1,0,0,1,00000015,000000c6,000002f7,0000001c,00000018,00000008,00000010
776,776,0,1,1,0,0,1,00000015,000000c6,000002f8,0000001c,00000018,00000008,00000010
777,777,0,1,1,0,0,1,00000015,000000c7,000002f9,0000001c,00000018,00000008,00000010
778,778,0,1,1,0,0,1,00000015,000000c7,000002fa,0000001c,00000018,00000008,00000010
779,779,0,1,1,0,0,1,00000015,000000c7,000002fb,0000001c,00000018,00000008,00000010
780,780,0,1,1,0,0,1,00000015,000000c8,000002fc,0000001c,00000018,00000008,00000010
781,781,0,1,1,0,0,1,00000015,000000c8,000002fd,0000001c,00000018,00000008,00000010
782,782,0,1,1,0,0,1,00000015,000000c8,000002fe,0000001c,00000018,00000008,00000010
783,783,0,1,1,0,0,1,00000015,000000c8,000002ff,0000001c,00000018,00000008,00000010
784,784,0,1,1,0,0,1,00000015,000000c9,00000300,0000001c,00000018,00000008,00000010
785,785,0,1,1,0,0,1,00000015,000000c9,00000301,0000001c,00000018,00000008,00000010
786,786,0,1,1,0,0,1,00000015,000000c9,00000302,0000001c,00000018,00000008,00000010
787,787,0,1,1,0,0,1,00000015,000000ca,00000303,0000001c,00000018,00000008,00000010
788,788,0,1,1,0,0,1,00000015,000000ca,00000304,0000001c,00000018,00000008,00000010
789,789,0,1,1,0,0,1,00000015,000000ca,00000305,0000001c,00000018,00000008,00000010
790,790,0,1,1,0,0,1,00000015,000000ca,00000306,0000001c,00000018,00000008,00000010
791,791,0,1,1,0,0,1,00000015,000000cb,00000307,0000001c,00000018,00000008,00000010
792,792,0,1,1,0,0,1,00000015,000000cb,00000308,0000001c,00000018,00000008,00000010
793,793,0,1,1,0,0,1,00000015,000000cb,00000309,0000001c,00000018,00000008,00000010
794,794,0,1,1,0,0,1,00000015,000000cc,0000030a,0000001c,00000018,00000008,00000010
795,795,0,1,1,0,0,1,00000015,000000cc,0000030b,0000001c,00000018,00000008,00000010
796,796,0,1,1,0,0,1,00000015,000000cc,0000030c,0000001c,00000018,00000008,00000010
797,797,0,1,1,0,0,1,00000015,000000cc,0000030d,0000001c,00000018,00000008,00000010
798,798,0,1,1,0,0,1,00000015,000000cd,0000030e,0000001c,00000018,00000008,00000010
799,799,0,1,1,0,0,1,00000015,000000cd,0000030f,0000001c,00000018,00000008,00000010
800,800,0,1,1,0,0,1,00000015,000000cd,00000310,0000001c,00000018,00000008,00000010
801,801,0,1,1,0,0,1,00000015,000000ce,00000311,0000001c,00000018,00000008,00000010
802,802,0,1,1,0,0,1,00000015,000000ce,00000312,0000001c,00000018,00000008,00000010
803,803,0,1,1,0,0,1,00000015,000000ce,00000313,0000001c,00000018,00000008,00000010
804,804,0,1,1,0,0,1,00000015,000000ce,00000314,0000001c,00000018,00000008,00000010
805,805,0,1,1,0,0,1,00000015,000000cf,00000315,0000001c,00000018,00000008,00000010
806,806,0,1,1,0,0,1,00000015,000000cf,00000316,0000001c,00000018,00000008,00000010
807,807,0,1,1,0,0,1,00000015,000000cf,00000317,0000001c,00000018,00000008,00000010
808,808,0,1,1,0,0,1,00000015,000000d0,00000318,0000001c,00000018,00000008,00000010
809,809,0,1,1,0,0,1,00000015,000000d0,00000319,0000001c,00000018,00000008,00000010
810,810,0,1,1,0,0,1,00000015,000000d0,0000031a,0000001c,00000018,00000008,00000010
811,811,0,1,1,0,0,1,00000015,000000d0,0000031b,0000001c,00000018,00000008,00000010
812,812,0,1,1,0,0,1,00000015,000000d1,0000031c,0000001c,00000018,00000008,00000010
813,813,0,1,1,0,0,1,00000015,000000d1,0000031d,0000001c,00000018,00000008,00000010
814,814,0,1,1,0,0,1,00000015,000000d1,0000031e,0000001c,00000018,00000008,00000010
815,815,0,1,1,0,0,1,00000015,000000d2,0000031f,0000001c,00000018,00000008,00000010
816,816,0,1,1,0,0,1,00000015,000000d2,00000320,0000001c,00000018,00000008,00000010
817,817,0,1,1,0,0,1,00000015,000000d2,00000321,0000001c,00000018,00000008,00000010
818,818,0,1,1,0,0,1,00000015,000000d2,00000322,0000001c,00000018,00000008,00000010
819,819,0,1,1,0,0,1,00000015,000000d3,00000323,0000001c,00000018,00000008,00000010
820,820,0,1,1,0,0,1,00000015,000000d3,00000324,0000001c,00000018,00000008,00000010
821,821,0,1,1,0,0,1,00000015,000000d3,00000325,0000001c,00000018,00000008,00000010
822,822,0,1,1,0,0,1,00000015,000000d4,00000326,0000001c,00000018,00000008,00000010
823,823,0,1,1,0,0,1,00000015,000000d4,00000327,0000001c,00000018,00000008,00000010
824,824,0,1,1,0,0,1,00000015,000000d4,00000328,0000001c,00000018,00000008,00000010
825,825,0,1,1,0,0,1,00000015,000000d4,00000329,0000001c,00000018,00000008,00000010
826,826,0,1,1,0,0,1,00000015,000000d5,0000032a,0000001c,00000018,00000008,00000010
827,827,0,1,1,0,0,1,00000015,000000d5,0000032b,0000001c,00000018,00000008,00000010
828,828,0,1,1,0,0,1,00000015,000000d5,0000032c,0000001c,00000018,00000008,00000010
829,829,0,1,1,0,0,1,00000015,000000d6,0000032d,0000001c,00000018,00000008,00000010
830,830,0,1,1,0,0,1,00000015,000000d6,0000032e,0000001c,00000018,00000008,00000010
831,831,0,1,1,0,0,1,00000015,000000d6,0000032f,0000001c,00000018,00000008,00000010
832,832,0,1,1,0,0,1,00000015,000000d6,00000330,0000001c,00000018,00000008,00000010
833,833,0,1,1,0,0,1,00000015,000000d7,00000331,0000001c,00000018,00000008,00000010
834,834,0,1,1,0,0,1,00000015,000000d7,00000332,0000001c,00000018,00000008,00000010
835,835,0,1,1,0,0,1,00000015,000000d7,00000333,0000001c,00000018,00000008,00000010
836,836,0,1,1,0,0,1,00000015,000000d8,00000334,0000001c,00000018,00000008,00000010
837,837,0,1,1,0,0,1,00000015,000000d8,00000335,0000001c,00000018,00000008,00000010
838,838,0,1,1,0,0,1,00000015,000000d8,00000336,0000001c,00000018,00000008,00000010
839,839,0,1,1,0,0,1,00000015,000000d8,00000337,0000001c,00000018,00000008,00000010
840,840,0,1,1,0,0,1,00000015,000000d9,00000338,0000001c,00000018,00000008,00000010
841,841,0,1,1,0,0,1,00000015,000000d9,00000339,0000001c,00000018,00000008,00000010
842,842,0,1,1,0,0,1,00000015,000000d9,0000033a,0000001c,00000018,00000008,00000010
843,843,0,1,1,0,0,1,00000015,000000da,0000033b,0000001c,00000018,00000008,00000010
844,844,0,1,1,0,0,1,00000015,000000da,0000033c,0000001c,00000018,00000008,00000010
845,845,0,1,1,0,0,1,00000015,000000da,0000033d,0000001c,00000018,00000008,00000010
846,846,0,1,1,0,0,1,00000015,000000da,0000033e,0000001c,00000018,00000008,00000010
847,847,0,1,1,0,0,1,00000015,000000db,0000033f,0000001c,00000018,00000008,00000010
848,848,0,1,1,0,0,1,00000015,000000db,00000340,0000001c,00000018,00000008,00000010
849,849,0,1,1,0,0,1,00000015,000000db,00000341,0000001c,00000018,00000008,00000010
850,850,0,1,1,0,0,1,00000015,000000dc,00000342,0000001c,00000018,00000008,00000010
851,851,0,1,1,0,0,1,00000015,000000dc,00000343,0000001c,00000018,00000008,00000010
852,852,0,1,1,0,0,1,00000015,000000dc,00000344,0000001c,00000018,00000008,00000010
853,853,0,1,1,0,0,1,00000015,000000dc,00000345,0000001c,00000018,00000008,00000010
854,854,0,1,1,0,0,1,00000015,000000dd,00000346,0000001c,00000018,00000008,00000010
855,855,0,1,1,0,0,1,00000015,000000dd,00000347,0000001c,00000018,00000008,00000010
856,856,0,1,1,0,0,1,00000015,000000dd,00000348,0000001c,00000018,00000008,00000010
857,857,0,1,1,0,0,1,00000015,000000de,00000349,0000001c,00000018,00000008,00000010
858,858,0,1,1,0,0,1,00000015,000000de,0000034a,0000001c,00000018,00000008,00000010
859,859,0,1,1,0,0,1,00000015,000000de,0000034b,0000001c,00000018,00000008,00000010
860,860,0,1,1,0,0,1,00000015,000000de,0000034c,0000001c,00000018,00000008,00000010
861,861,0,1,1,0,0,1,00000015,000000df,0000034d,0000001c,00000018,00000008,00000010
862,862,0,1,1,0,0,1,00000015,000000df,0000034e,0000001c,00000018,00000008,00000010
863,863,0,1,1,0,0,1,00000015,000000df,0000034f,0000001c,00000018,00000008,00000010
864,864,0,1,1,0,0,1,00000015,000000e0,00000350,0000001c,00000018,00000008,00000010
865,865,0,1,1,0,0,1,00000015,000000e0,00000351,0000001c,00000018,00000008,00000010
866,866,0,1,1,0,0,1,00000015,000000e0,00000352,0000001c,00000018,00000008,00000010
867,867,0,1,1,0,0,1,00000015,000000e0,00000353,0000001c,00000018,00000008,00000010
868,868,0,1,1,0,0,1,00000015,000000e1,00000354,0000001c,00000018,00000008,00000010
869,869,0,1,1,0,0,1,00000015,000000e1,00000355,0000001c,00000018,00000008,00000010
870,870,0,1,1,0,0,1,00000015,000000e1,00000356,0000001c,00000018,00000008,00000010
871,871,0,1,1,0,0,1,00000015,000000e2,00000357,0000001c,00000018,00000008,00000010
872,872,0,1,1,0,0,1,00000015,000000e2,00000358,0000001c,00000018,00000008,00000010
873,873,0,1,1,0,0,1,00000015,000000e2,00000359,0000001c,00000018,00000008,00000010
874,874,0,1,1,0,0,1,00000015,000000e2,0000035a,0000001c,00000018,00000008,00000010
875,875,0,1,1,0,0,1,00000015,000000e3,0000035b,0000001c,00000018,00000008,00000010
876,876,0,1,1,0,0,1,00000015,000000e3,0000035c,0000001c,00000018,00000008,00000010
877,877,0,1,1,0,0,1,00000015,000000e3,0000035d,0000001c,00000018,00000008,00000010
878,878,0,1,1,0,0,1,00000015,000000e4,0000035e,0000001c,00000018,00000008,00000010
879,879,0,1,1,0,0,1,00000015,000000e4,0000035f,0000001c,00000018,00000008,00000010
880,880,0,1,1,0,0,1,00000015,000000e4,00000360,0000001c,00000018,00000008,00000010
881,881,0,1,1,0,0,1,00000015,000000e4,00000361,0000001c,00000018,00000008,00000010
882,882,0,1,1,0,0,1,00000015,000000e5,00000362,0000001c,00000018,00000008,00000010
883,883,0,1,1,0,0,1,00000015,000000e5,00000363,0000001c,00000018,00000008,00000010
884,884,0,1,1,0,0,1,00000015,000000e5,00000364,0000001c,00000018,00000008,00000010
885,885,0,1,1,0,0,1,00000015,000000e6,00000365,0000001c,00000018,00000008,00000010
886,886,0,1,1,0,0,1,00000015,000000e6,00000366,0000001c,00000018,00000008,00000010
887,887,0,1,1,0,0,1,00000015,000000e6,00000367,0000001c,00000018,00000008,00000010
888,888,0,1,1,0,0,1,00000015,000000e6,00000368,0000001c,00000018,00000008,00000010
889,889,0,1,1,0,0,1,00000015,000000e7,00000369,0000001c,00000018,00000008,00000010
890,890,0,1,1,0,0,1,00000015,000000e7,0000036a,0000001c,00000018,00000008,00000010
891,891,0,1,1,0,0,1,00000015,000000e7,0000036b,0000001c,00000018,00000008,00000010
892,892,0,1,1,0,0,1,00000015,000000e8,0000036c,0000001c,00000018,00000008,00000010
893,893,0,1,1,0,0,1,00000015,000000e8,0000036d,0000001c,00000018,00000008,00000010
894,894,0,1,1,0,0,1,00000015,000000e8,0000036e,0000001c,00000018,00000008,00000010
895,895,0,1,1,0,0,1,00000015,000000e8,0000036f,0000001c,00000018,00000008,00000010
896,896,0,1,1,0,0,1,00000015,000000e9,00000370,0000001c,00000018,00000008,00000010
897,897,0,1,1,0,0,1,00000015,000000e9,00000371,0000001c,00000018,00000008,00000010
898,898,0,1,1,0,0,1,00000015,000000e9,00000372,0000001c,00000018,00000008,00000010
899,899,0,1,1,0,0,1,00000015,000000ea,00000373,0000001c,00000018,00000008,00000010
900,900,0,1,1,0,0,1,00000015,000000ea,00000374,0000001c,00000018,00000008,00000010
901,901,0,1,1,0,0,1,00000015,000000ea,00000375,0000001c,00000018,00000008,00000010
902,902,0,1,1,0,0,1,00000015,000000ea,00000376,0000001c,00000018,00000008,00000010
903,903,0,1,1,0,0,1,00000015,000000eb,00000377,0000001c,00000018,00000008,00000010
904,904,0,1,1,0,0,1,00000015,000000eb,00000378,0000001c,00000018,00000008,00000010
905,905,0,1,1,0,0,1,00000015,000000eb,00000379,0000001c,00000018,00000008,00000010
906,906,0,1,1,0,0,1,00000015,000000ec,0000037a,0000001c,00000018,00000008,00000010
907,907,0,1,1,0,0,1,00000015,000000ec,0000037b,0000001c,00000018,00000008,00000010
908,908,0,1,1,0,0,1,00000015,000000ec,0000037c,0000001c,00000018,00000008,00000010
909,909,0,1,1,0,0,1,00000015,000000ec,0000037d,0000001c,00000018,00000008,00000010
910,910,0,1,1,0,0,1,00000015,000000ed,0000037e,0000001c,00000018,00000008,00000010
911,911,0,1,1,0,0,1,00000015,000000ed,0000037f,0000001c,00000018,00000008,00000010
912,912,0,1,1,0,0,1,00000015,000000ed,00000380,0000001c,00000018,00000008,00000010
913,913,0,1,1,0,0,1,00000015,000000ee,00000381,0000001c,00000018,00000008,00000010
914,914,0,1,1,0,0,1,00000015,000000ee,00000382,0000001c,00000018,00000008,00000010
915,915,0,1,1,0,0,1,00000015,000000ee,00000383,0000001c,00000018,00000008,00000010
916,916,0,1,1,0,0,1,00000015,000000ee,00000384,0000001c,00000018,00000008,00000010
917,917,0,1,1,0,0,1,00000015,000000ef,00000385,0000001c,00000018,00000008,00000010
918,918,0,1,1,0,0,1,00000015,000000ef,00000386,0000001c,00000018,00000008,00000010
919,919,0,1,1,0,0,1,00000015,000000ef,00000387,0000001c,00000018,00000008,00000010
920,920,0,1,1,0,0,1,00000015,000000f0,00000388,0000001c,00000018,00000008,00000010
921,921,0,1,1,0,0,1,00000015,000000f0,00000389,0000001c,00000018,00000008,00000010
922,922,0,1,1,0,0,1,00000015,000000f0,0000038a,0000001c,00000018,00000008,00000010
923,923,0,1,1,0,0,1,00000015,000000f0,0000038b,0000001c,00000018,00000008,00000010
924,924,0,1,1,0,0,1,00000015,000000f1,0000038c,0000001c,00000018,00000008,00000010
925,925,0,1,1,0,0,1,00000015,000000f1,0000038d,0000001c,00000018,00000008,00000010
926,926,0,1,1,0,0,1,00000015,000000f1,0000038e,0000001c,00000018,00000008,00000010
927,927,0,1,1,0,0,1,00000015,000000f2,0000038f,0000001c,00000018,00000008,00000010
928,928,0,1,1,0,0,1,00000015,000000f2,00000390,0000001c,00000018,00000008,00000010
929,929,0,1,1,0,0,1,00000015,000000f2,00000391,0000001c,00000018,00000008,00000010
930,930,0,1,1,0,0,1,00000015,000000f2,00000392,0000001c,00000018,00000008,00000010
931,931,0,1,1,0,0,1,00000015,000000f3,00000393,0000001c,00000018,00000008,00000010
932,932,0,1,1,0,0,1,00000015,000000f3,00000394,0000001c,00000018,00000008,00000010
933,933,0,1,1,0,0,1,00000015,000000f3,00000395,0000001c,00000018,00000008,00000010
934,934,0,1,1,0,0,1,00000015,000000f4,00000396,0000001c,00000018,00000008,00000010
935,935,0,1,1,0,0,1,00000015,000000f4,00000397,0000001c,00000018,00000008,00000010
936,936,0,1,1,0,0,1,00000015,000000f4,00000398,0000001c,00000018,00000008,00000010
937,937,0,1,1,0,0,1,00000015,000000f4,00000399,0000001c,00000018,00000008,00000010
938,938,0,1,1,0,0,1,00000015,000000f5,0000039a,0000001c,00000018,00000008,00000010
939,939,0,1,1,0,0,1,00000015,000000f5,0000039b,0000001c,00000018,00000008,00000010
940,940,0,1,1,0,0,1,00000015,000000f5,0000039c,0000001c,00000018,00000008,00000010
941,941,0,1,1,0,0,1,00000015,000000f6,0000039d,0000001c,00000018,00000008,00000010
942,942,0,1,1,0,0,1,00000015,000000f6,0000039e,0000001c,00000018,00000008,00000010
943,943,0,1,1,0,0,1,00000015,000000f6,0000039f,0000001c,00000018,00000008,00000010
944,944,0,1,1,0,0,1,00000015,000000f6,000003a0,0000001c,00000018,00000008,00000010
945,945,0,1,1,0,0,1,00000015,000000f7,000003a1,0000001c,00000018,00000008,00000010
946,946,0,1,1,0,0,1,00000015,000000f7,000003a2,0000001c,00000018,00000008,00000010
947,947,0,1,1,0,0,1,00000015,000000f7,000003a3,0000001c,00000018,00000008,00000010
948,948,0,1,1,0,0,1,00000015,000000f8,000003a4,0000001c,00000018,00000008,00000010
949,949,0,1,1,0,0,1,00000015,000000f8,000003a5,0000001c,00000018,00000008,00000010
950,950,0,1,1,0,0,1,00000015,000000f8,000003a6,0000001c,00000018,00000008,00000010
951,951,0,1,1,0,0,1,00000015,000000f8,000003a7,0000001c,00000018,00000008,00000010
952,952,0,1,1,0,0,1,00000015,000000f9,000003a8,0000001c,00000018,00000008,00000010
953,953,0,1,1,0,0,1,00000015,000000f9,000003a9,0000001c,00000018,00000008,00000010
954,954,0,1,1,0,0,1,00000015,000000f9,000003aa,0000001c,00000018,00000008,00000010
955,955,0,1,1,0,0,1,00000015,000000fa,000003ab,0000001c,00000018,00000008,00000010
956,956,0,1,1,0,0,1,00000015,000000fa,000003ac,0000001c,00000018,00000008,00000010
957,957,0,1,1,0,0,1,00000015,000000fa,000003ad,0000001c,00000018,00000008,00000010
958,958,0,1,1,0,0,1,00000015,000000fa,000003ae,0000001c,00000018,00000008,00000010
959,959,0,1,1,0,0,1,00000015,000000fb,000003af,0000001c,00000018,00000008,00000010
960,960,0,1,1,0,0,1,00000015,000000fb,000003b0,0000001c,00000018,00000008,00000010
961,961,0,1,1,0,0,1,00000015,000000fb,000003b1,0000001c,00000018,00000008,00000010
962,962,0,1,1,0,0,1,00000015,000000fc,000003b2,0000001c,00000018,00000008,00000010
963,963,0,1,1,0,0,1,00000015,000000fc,000003b3,0000001c,00000018,00000008,00000010
964,964,0,1,1,0,0,1,00000015,000000fc,000003b4,0000001c,00000018,00000008,00000010
965,965,0,1,1,0,0,1,00000015,000000fc,000003b5,0000001c,00000018,00000008,00000010
966,966,0,1,1,0,0,1,00000015,000000fd,000003b6,0000001c,00000018,00000008,00000010
967,967,0,1,1,0,0,1,00000015,000000fd,000003b7,0000001c,00000018,00000008,00000010
968,968,0,1,1,0,0,1,00000015,000000fd,000003b8,0000001c,00000018,00000008,00000010
969,969,0,1,1,0,0,1,00000015,000000fe,000003b9,0000001c,00000018,00000008,00000010
970,970,0,1,1,0,0,1,00000015,000000fe,000003ba,0000001c,00000018,00000008,00000010
971,971,0,1,1,0,0,1,00000015,000000fe,000003bb,0000001c,00000018,00000008,00000010
972,972,0,1,1,0,0,1,00000015,000000fe,000003bc,0000001c,00000018,00000008,00000010
973,973,0,1,1,0,0,1,00000015,000000ff,000003bd,0000001c,00000018,00000008,00000010
974,974,0,1,1,0,0,1,00000015,000000ff,000003be,0000001c,00000018,00000008,00000010
975,975,0,1,1,0,0,1,00000015,000000ff,000003bf,0000001c,00000018,00000008,00000010
976,976,0,1,1,0,0,1,00000015,00000100,000003c0,0000001c,00000018,00000008,00000010
977,977,0,1,1,0,0,1,00000015,00000100,000003c1,0000001c,00000018,00000008,00000010
978,978,0,1,1,0,0,1,00000015,00000100,000003c2,0000001c,00000018,00000008,00000010
979,979,0,1,1,0,0,1,00000015,00000100,000003c3,0000001c,00000018,00000008,00000010
980,980,0,1,1,0,0,1,00000015,00000101,000003c4,0000001c,00000018,00000008,00000010
981,981,0,1,1,0,0,1,00000015,00000101,000003c5,0000001c,00000018,00000008,00000010
982,982,0,1,1,0,0,1,00000015,00000101,000003c6,0000001c,00000018,00000008,00000010
983,983,0,1,1,0,0,1,00000015,00000102,000003c7,0000001c,00000018,00000008,00000010
984,984,0,1,1,0,0,1,00000015,00000102,000003c8,0000001c,00000018,00000008,00000010
985,985,0,1,1,0,0,1,00000015,00000102,000003c9,0000001c,00000018,00000008,00000010
986,986,0,1,1,0,0,1,00000015,00000102,000003ca,0000001c,00000018,00000008,00000010
987,987,0,1,1,0,0,1,00000015,00000103,000003cb,0000001c,00000018,00000008,00000010
988,988,0,1,1,0,0,1,00000015,00000103,000003cc,0000001c,00000018,00000008,00000010
989,989,0,1,1,0,0,1,00000015,00000103,000003cd,0000001c,00000018,00000008,00000010
990,990,0,1,1,0,0,1,00000015,00000104,000003ce,0000001c,00000018,00000008,00000010
991,991,0,1,1,0,0,1,00000015,00000104,000003cf,0000001c,00000018,00000008,00000010
992,992,0,1,1,0,0,1,00000015,00000104,000003d0,0000001c,00000018,00000008,00000010
993,993,0,1,1,0,0,1,00000015,00000104,000003d1,0000001c,00000018,00000008,00000010
994,994,0,1,1,0,0,1,00000015,00000105,000003d2,0000001c,00000018,00000008,00000010
995,995,0,1,1,0,0,1,00000015,00000105,000003d3,0000001c,00000018,00000008,00000010
996,996,0,1,1,0,0,1,00000015,00000105,000003d4,0000001c,00000018,00000008,00000010
997,997,0,1,1,0,0,1,00000015,00000106,000003d5,0000001c,00000018,00000008,00000010
998,998,0,1,1,0,0,1,00000015,00000106,000003d6,0000001c,00000018,00000008,00000010
999,999,0,1,1,0,0,1,00000015,00000106,000003d7,0000001c,00000018,00000008,00000010
1000,1000,0,1,1,0,0,1,00000015,00000106,000003d8,0000001c,00000018,00000008,00000010
1001,1001,0,1,1,0,0,1,00000015,00000107,000003d9,0000001c,00000018,00000008,00000010
1002,1002,0,1,1,0,0,1,00000015,00000107,000003da,0000001c,00000018,00000008,00000010
1003,1003,0,1,1,0,0,1,00000015,00000107,000003db,0000001c,00000018,00000008,00000010
1004,1004,0,1,1,0,0,1,00000015,00000108,000003dc,0000001c,00000018,00000008,00000010
1005,1005,0,1,1,0,0,1,00000015,00000108,000003dd,0000001c,00000018,00000008,00000010
1006,1006,0,1,1,0,0,1,00000015,00000108,000003de,0000001c,00000018,00000008,00000010
1007,1007,0,1,1,0,0,1,00000015,00000108,000003df,0000001c,00000018,00000008,00000010
1008,1008,0,1,1,0,0,1,00000015,00000109,000003e0,0000001c,00000018,00000008,00000010
1009,1009,0,1,1,0,0,1,00000015,00000109,000003e1,0000001c,00000018,00000008,00000010
1010,1010,0,1,1,0,0,1,00000015,00000109,000003e2,0000001c,00000018,00000008,00000010
1011,1011,0,1,1,0,0,1,00000015,0000010a,000003e3,0000001c,00000018,00000008,00000010
1012,1012,0,1,1,0,0,1,00000015,0000010a,000003e4,0000001c,00000018,00000008,00000010
1013,1013,0,1,1,0,0,1,00000015,0000010a,000003e5,0000001c,00000018,00000008,00000010
1014,1014,0,1,1,0,0,1,00000015,0000010a,000003e6,0000001c,00000018,00000008,00000010
1015,1015,0,1,1,0,0,1,00000015,0000010b,000003e7,0000001c,00000018,00000008,00000010
1016,1016,0,1,1,0,0,1,00000015,0000010b,000003e8,0000001c,00000018,00000008,00000010
1017,1017,0,1,1,0,0,1,00000015,0000010b,000003e9,0000001c,00000018,00000008,00000010
1018,1018,0,1,1,0,0,1,00000015,0000010c,000003ea,0000001c,00000018,00000008,00000010
1019,1019,0,1,1,0,0,1,00000015,0000010c,000003eb,0000001c,00000018,00000008,00000010
1020,1020,0,1,1,0,0,1,00000015,0000010c,000003ec,0000001c,00000018,00000008,00000010
1021,1021,0,1,1,0,0,1,00000015,0000010c,000003ed,0000001c,00000018,00000008,00000010
1022,1022,0,1,1,0,0,1,00000015,0000010d,000003ee,0000001c,00000018,00000008,00000010
1023,1023,0,1,1,0,0,1,00000015,0000010d,000003ef,0000001c,00000018,00000008,00000010
